model,dataset,lookback,horizon,mse_mean,mse_std,mae_mean,mae_std,params,flops,sec_per_epoch,peak_mem,n_seeds
dlinear,ETTh1,96,96,0.39044433333333334,0.0031600785327794527,0.4040973333333333,0.004577530484151182,18624,36864,0.7010666666666667,69.5,3
dlinear,ETTh1,96,192,0.4397436666666667,0.003007283547212234,0.433792,0.0037794385826468726,37248,73728,0.8674,70.4,3
dlinear,ETTh1,96,336,0.4871433333333333,0.0035535904847538665,0.4640056666666667,0.0038637066831390425,65184,129024,0.9428666666666666,71.7,3
dlinear,ETTh1,96,720,0.5096746666666666,0.002429106900351086,0.505302,0.0019420576716462899,139680,276480,0.8540666666666666,75.3,3
dlinear,ETTh1,336,96,0.3756916666666667,0.0011497314179117527,0.39790600000000004,0.0015645897225790633,64704,129024,1.3833000000000002,71.3,3
dlinear,ETTh1,336,192,0.41759033333333334,0.008506436053561633,0.4277243333333334,0.009055456495027344,129408,258048,0.7646333333333333,72.9,3
dlinear,ETTh1,336,336,0.45300500000000005,0.011363359670449576,0.4536086666666666,0.010513548608026361,226464,451584,0.9202,75.4,3
dlinear,ETTh1,336,720,0.4877816666666666,0.015935786184977933,0.5011886666666667,0.012348947903903958,485280,967680,0.9583666666666667,81.9,3
dlinear,ETTh2,96,96,0.32743066666666665,0.0015042623884593143,0.38212599999999997,0.002615695509802323,18624,36864,0.8732333333333333,69.5,3
dlinear,ETTh2,96,192,0.4500786666666667,0.004557868068881913,0.4571523333333333,0.002621153626427362,37248,73728,0.8255333333333333,70.4,3
dlinear,ETTh2,96,336,0.5669176666666667,0.009667555654524807,0.527287,0.0048712157620043875,65184,129024,0.8309333333333333,71.7,3
dlinear,ETTh2,96,720,0.7810746666666667,0.02677891038360846,0.635462,0.011821774105437837,139680,276480,0.8825,75.3,3
dlinear,ETTh2,336,96,0.285134,0.0027249416507514512,0.34950533333333333,0.002976354201591837,64704,129024,0.8161333333333333,71.3,3
dlinear,ETTh2,336,192,0.3852866666666667,0.008512457361616188,0.41980633333333334,0.005438554066416315,129408,258048,0.9279333333333334,72.9,3
dlinear,ETTh2,336,336,0.45673666666666674,0.0065889462232843555,0.46939966666666666,0.005111308280013378,226464,451584,0.7864999999999999,75.4,3
dlinear,ETTh2,336,720,0.7006739999999999,0.026659054803199668,0.5939546666666667,0.011606454124035203,485280,967680,0.7656333333333333,81.9,3
dlinear,ETTm1,96,96,0.34370433333333333,0.0019052919286380687,0.37199566666666667,0.0028005446494089757,18624,36864,2.7965,69.5,3
dlinear,ETTm1,96,192,0.38108566666666666,0.0012174836070080624,0.39141966666666667,0.00028783733832380044,37248,73728,3.6660333333333335,70.4,3
dlinear,ETTm1,96,336,0.41285,0.0002759365869180729,0.41334133333333334,0.0009825387184906813,65184,129024,3.6904333333333335,71.7,3
dlinear,ETTm1,96,720,0.4743736666666667,0.003333516811617011,0.45341499999999996,0.004738957585798793,139680,276480,3.706566666666667,75.3,3
dlinear,ETTm1,336,96,0.300266,0.0009228369303403495,0.343771,0.00047808681220047844,64704,129024,3.4254666666666664,71.3,3
dlinear,ETTm1,336,192,0.33744599999999997,0.0019589494633604244,0.36815333333333333,0.003286657927642195,129408,258048,3.4463333333333335,72.9,3
dlinear,ETTm1,336,336,0.37160166666666666,0.0005619905100029013,0.38951833333333336,0.0006069319017264932,226464,451584,3.6007666666666664,75.4,3
dlinear,ETTm1,336,720,0.4277863333333333,0.004140379853749317,0.4244536666666667,0.0056488080453608305,485280,967680,3.7101,81.9,3
dlinear,ETTm2,96,96,0.19076366666666666,0.0019985898361928383,0.28713133333333335,0.0038566488475531915,18624,36864,2.980333333333333,69.5,3
dlinear,ETTm2,96,192,0.27283966666666665,0.006543595673124471,0.3475076666666667,0.010058986347208825,37248,73728,3.8038666666666665,70.4,3
dlinear,ETTm2,96,336,0.3481376666666667,0.014968713115472989,0.39962800000000004,0.012799187005431223,65184,129024,3.7886,71.7,3
dlinear,ETTm2,96,720,0.527343,0.0534736650043739,0.505038,0.031973440055771254,139680,276480,3.5955,75.3,3
dlinear,ETTm2,336,96,0.168978,0.001808820886655163,0.26466799999999996,0.0019675047649243198,64704,129024,4.280866666666666,71.3,3
dlinear,ETTm2,336,192,0.228885,0.0061087779465290705,0.30764033333333335,0.008577450106723653,129408,258048,3.767466666666667,72.9,3
dlinear,ETTm2,336,336,0.3043423333333333,0.02312693583969421,0.362139,0.022230360343458214,226464,451584,3.2125999999999997,75.4,3
dlinear,ETTm2,336,720,0.43068599999999996,0.016725212494913197,0.4427273333333333,0.010246142412309764,485280,967680,3.9247666666666667,81.9,3
dlinear,electricity,336,96,0.140268,2.211334438749174e-05,0.23757666666666666,0.00012012632239992384,64704,129024,7.2139,120.90000000000002,3
dlinear,electricity,336,192,0.154034,1.6093476939434456e-05,0.250781,8.029321266456932e-05,129408,258048,7.142433333333333,135.7,3
dlinear,electricity,336,336,0.16965266666666667,1.9857828011479327e-05,0.26835333333333333,6.169548876000111e-05,226464,451584,7.9059,162.1,3
dlinear,electricity,336,720,0.20410633333333336,0.00013543387070203417,0.30122699999999997,0.0003549816896686349,485280,967680,10.7965,227.69999999999996,3
dlinear,traffic,336,96,0.4101896666666667,9.669712163934185e-05,0.2825803333333334,0.0004343688908443431,64704,129024,9.183933333333334,135.7,3
dlinear,traffic,336,192,0.422865,2.4576411454923758e-05,0.28803866666666667,0.00010421292306299316,129408,258048,11.111333333333334,158.6,3
dlinear,traffic,336,336,0.436074,8.586035173469896e-05,0.295876,0.00014202816622065377,226464,451584,11.722,191.19999999999996,3
dlinear,traffic,336,720,0.46588066666666667,0.00014870888787606802,0.31509633333333337,0.00011809459485231805,485280,967680,15.062199999999999,280.1,3
dlinear,weather,96,96,0.19663366666666668,0.002408662353534288,0.25670333333333334,0.004377555520302771,18624,36864,4.099333333333333,71.6,3
dlinear,weather,96,192,0.244165,0.006545440626879134,0.3055776666666667,0.01001455013135054,37248,73728,3.7887,73.7,3
dlinear,weather,96,336,0.284696,0.0020556125607711197,0.3356396666666666,0.0023206086126991094,65184,129024,3.8334333333333332,76.8,3
dlinear,weather,96,720,0.3496316666666666,0.00438149088020656,0.3868203333333333,0.005808182532714805,139680,276480,3.746166666666667,86.09999999999998,3
dlinear,weather,336,96,0.17399,0.00032669404647161826,0.23473266666666667,0.0007713120855615709,64704,129024,3.8500666666666667,75.5,3
dlinear,weather,336,192,0.21653633333333333,0.0005818808583664988,0.27521733333333337,0.0016299896727688886,129408,258048,23.428266666666662,78.4,3
dlinear,weather,336,336,0.2617313333333333,0.0012130726826259826,0.31267033333333333,0.002652771066890867,226464,451584,3.615766666666667,82.6,3
dlinear,weather,336,720,0.33325,0.0070440185263810975,0.37560333333333334,0.00918579013113915,485280,967680,3.891933333333333,94.90000000000002,3
fits,ETTh1,96,96,0.40855266666666673,0.0008644803834288842,0.41705733333333334,0.00042087567443763744,624,2304,0.8851999999999999,68.7,3
fits,ETTh1,96,192,0.45866266666666666,0.0013282711821512026,0.44554833333333327,0.0010990401873149742,936,3456,1.1158333333333335,69.5,3
fits,ETTh1,96,336,0.5037416666666666,0.004775971977863124,0.470431,0.004689486539057326,1404,5184,0.9180333333333333,70.7,3
fits,ETTh1,96,720,0.496191,0.007186400768117483,0.488319,0.005452464672054278,2652,9792,1.0230333333333332,73.9,3
fits,ETTh1,336,96,0.3985336666666666,0.0003746549523672593,0.4190483333333333,0.00029280938054194533,4644,18144,0.9140666666666667,70.8,3
fits,ETTh1,336,192,0.42926200000000003,0.00014831385639920843,0.43631533333333333,0.0001884206287361924,5676,22176,0.8785999999999999,71.6,3
fits,ETTh1,336,336,0.451103,0.000386279691415431,0.4481603333333333,4.020364825899562e-05,7224,28224,1.8887,72.8,3
fits,ETTh1,336,720,0.446961,0.0008817975958234568,0.46636000000000005,0.001289435147651864,11352,44352,1.3346,76.1,3
fits,ETTh2,96,96,0.30279033333333333,4.618802153505601e-06,0.3490743333333333,0.0006574650814555517,624,2304,0.8593999999999999,68.7,3
fits,ETTh2,96,192,0.38650500000000004,0.000685566189364659,0.398465,0.0006276440073799703,936,3456,1.0012999999999999,69.5,3
fits,ETTh2,96,336,0.424074,0.0006328420023987086,0.4320293333333334,0.00013528611655797018,1404,5184,0.9771666666666667,70.7,3
fits,ETTh2,96,720,0.4287113333333334,0.0003933933570020682,0.4442646666666667,0.0005079786740930536,2652,9792,0.9394999999999999,73.9,3
fits,ETTh2,336,96,0.2851013333333333,0.0006514363616911001,0.34561000000000003,0.000336967357469537,4644,18144,1.0532333333333332,70.8,3
fits,ETTh2,336,192,0.3444673333333334,0.0004436015479383723,0.383465,0.00040505925492449984,5676,22176,0.9498333333333333,71.6,3
fits,ETTh2,336,336,0.36411299999999996,0.00040595196760207257,0.40136166666666667,0.00028685245917251434,7224,28224,0.9152999999999999,72.8,3
fits,ETTh2,336,720,0.3912676666666666,0.000337811091193483,0.4269596666666667,0.00022324948674817463,11352,44352,0.9794333333333333,76.1,3
fits,ETTm1,96,96,0.36248966666666665,0.0001885797797573779,0.3808856666666667,0.0003036714233070648,624,2304,3.8271,68.7,3
fits,ETTm1,96,192,0.397426,0.00019083238718836136,0.3966153333333333,0.0001320807833613025,936,3456,4.283933333333334,69.5,3
fits,ETTm1,96,336,0.42876633333333336,9.088637595001813e-05,0.4170673333333333,0.00014162038459677868,1404,5184,3.827166666666667,70.7,3
fits,ETTm1,96,720,0.48857233333333333,0.00012025944176377982,0.44993833333333333,0.0002278954438626432,2652,9792,4.776933333333333,73.9,3
fits,ETTm1,336,96,0.30365366666666666,0.0002860425376291889,0.345779,7.13372273080357e-05,4644,18144,3.9552,70.8,3
fits,ETTm1,336,192,0.3382083333333334,0.00031148408199030674,0.3656426666666667,0.0001365662232520591,5676,22176,4.1218,71.6,3
fits,ETTm1,336,336,0.3722286666666667,4.277070648628127e-05,0.384949,1.2489995996784844e-05,7224,28224,4.2603333333333335,72.8,3
fits,ETTm1,336,720,0.42753033333333335,9.237604307047257e-06,0.41634400000000005,1.6643316977121556e-05,11352,44352,4.417833333333333,76.1,3
fits,ETTm2,96,96,0.1857133333333333,0.00010280726303784882,0.26933666666666667,0.00013476028099309196,624,2304,3.2443333333333335,68.7,3
fits,ETTm2,96,192,0.248893,0.0001602154799012759,0.30712066666666665,0.0001578237413487834,936,3456,3.387166666666667,69.5,3
fits,ETTm2,96,336,0.3086276666666667,9.385804884680469e-05,0.3438833333333333,0.00013746757193368412,1404,5184,3.467966666666667,70.7,3
fits,ETTm2,96,720,0.4086,0.0003934615610196412,0.3986556666666667,0.00016411682830632022,2652,9792,4.1802,73.9,3
fits,ETTm2,336,96,0.1671126666666667,0.0002127682620442574,0.256365,1.4933184523067215e-05,4644,18144,3.8921333333333332,70.8,3
fits,ETTm2,336,192,0.22208899999999998,9.463614531458417e-05,0.2928406666666667,9.05336033378595e-05,5676,22176,4.2215,71.6,3
fits,ETTm2,336,336,0.2749173333333333,3.6073998022563326e-05,0.32704833333333333,4.705670338360302e-05,7224,28224,4.4606,72.8,3
fits,ETTm2,336,720,0.368333,4.769696007088189e-05,0.382885,5.288667128872898e-05,11352,44352,18.441033333333333,76.1,3
fits,electricity,336,96,0.188014,1.3228756555330937e-05,0.300831,1.399999999999814e-05,4644,18144,6.745966666666667,151.7,3
fits,electricity,336,192,0.20100266666666666,1.0066445913690614e-05,0.31043366666666666,9.865765724617043e-06,5676,22176,7.591466666666666,168.6,3
fits,electricity,336,336,0.21614933333333333,1.8556220879621112e-05,0.32331899999999997,3.7363083384539034e-05,7224,28224,9.702800000000002,200.6,3
fits,electricity,336,720,0.25180433333333335,3.7859388971770875e-06,0.3489006666666667,5.859465277098833e-06,11352,44352,11.2233,269.2,3
fits,traffic,336,96,0.520212,3.269556544852412e-05,0.38520200000000004,4.657252408879223e-05,4644,18144,10.375566666666666,182.0,3
fits,traffic,336,192,0.5319603333333333,2.4664414311608716e-05,0.38935800000000004,4.765501022977037e-05,5676,22176,12.046866666666666,203.1,3
fits,traffic,336,336,0.5427543333333333,1.887679351304012e-05,0.39297266666666664,5.0362022728765325e-05,7224,28224,12.502733333333333,240.9,3
fits,traffic,336,720,0.5643333333333334,1.5307950004220392e-05,0.4027813333333334,2.926317367154466e-05,11352,44352,18.905166666666666,367.6000000000001,3
fits,weather,96,96,0.19730933333333334,9.672814137226631e-05,0.23750366666666667,5.688878038183476e-05,624,2304,5.184666666666667,71.9,3
fits,weather,96,192,0.24192333333333335,3.813572253587582e-05,0.27275,5.414794548272643e-05,936,3456,4.437733333333333,74.3,3
fits,weather,96,336,0.29354833333333336,7.130451131122915e-05,0.30859966666666666,2.103172207246317e-05,1404,5184,4.645333333333333,77.9,3
fits,weather,96,720,0.36614166666666664,2.354428451522294e-05,0.354999,2.6210684844173173e-05,2652,9792,4.6611,88.5,3
fits,weather,336,96,0.17633566666666667,4.39355588713075e-05,0.22761900000000002,7.280796659706634e-05,4644,18144,4.665166666666667,78.0,3
fits,weather,336,192,0.219283,7.008566187172746e-05,0.262539,4.46766158074121e-05,5676,22176,4.780633333333333,80.4,3
fits,weather,336,336,0.266599,2.5999999999991308e-05,0.29668933333333336,5.8286647985040805e-05,7224,28224,4.815966666666667,84.0,3
fits,weather,336,720,0.33434499999999995,4.457577817604073e-05,0.34339366666666665,3.868246803570636e-05,11352,44352,4.801200000000001,96.3,3
freqlite,ETTh1,96,96,0.3863223333333334,0.000420330029064468,0.3941426666666667,0.0003229680066714788,18917,49507,1.7838,69.6,3
freqlite,ETTh1,96,192,0.43734266666666666,0.00020164903504189108,0.423489,0.00011431972708157926,37829,86371,1.9986666666666668,70.8,3
freqlite,ETTh1,96,336,0.480788,7.858116822751474e-05,0.446089,4.028647415695013e-05,66197,141667,1.6244333333333334,73.0,3
freqlite,ETTh1,96,720,0.48225433333333334,8.391861136444028e-05,0.470445,3.686461718232296e-05,141845,289123,2.0239666666666665,79.1,3
freqlite,ETTh1,336,96,0.3733066666666667,0.0009180769757124556,0.3945093333333333,0.0005506744349734419,64997,185420,1.9221333333333332,72.5,3
freqlite,ETTh1,336,192,0.4096046666666667,0.005316235541558832,0.41679299999999997,0.005257701303801865,129989,314444,1.5522666666666665,74.0,3
freqlite,ETTh1,336,336,0.43169366666666664,0.0008306505482652406,0.430414,0.0008243548993000489,227477,507980,1.5760666666666667,76.8,3
freqlite,ETTh1,336,720,0.44405333333333336,0.0023955972811249594,0.45868766666666666,0.0017425269964432,487445,1024076,1.5081,85.8,3
freqlite,ETTh2,96,96,0.290321,1.5524174696263033e-05,0.33919066666666664,5.714309523759184e-05,18917,49507,1.5933333333333335,69.6,3
freqlite,ETTh2,96,192,0.376372,0.00015687255974196636,0.39134633333333335,0.00012090216430377567,37829,86371,1.9487666666666665,70.8,3
freqlite,ETTh2,96,336,0.41591266666666665,8.82968478108306e-05,0.42684533333333335,6.757465007928953e-05,66197,141667,1.739766666666667,73.0,3
freqlite,ETTh2,96,720,0.424039,0.0022959810539288183,0.4415846666666667,0.0006894529232176262,141845,289123,1.5001666666666669,79.1,3
freqlite,ETTh2,336,96,0.27479233333333336,0.0006572741690750886,0.33645966666666666,3.00055550412624e-05,64997,185420,2.0620999999999996,72.5,3
freqlite,ETTh2,336,192,0.3404933333333333,0.005271804656219128,0.38048600000000005,0.002765330179201032,129989,314444,2.0697666666666668,74.0,3
freqlite,ETTh2,336,336,0.3616436666666667,0.0007972956373474973,0.401853,0.00040163167205783647,227477,507980,1.732,76.8,3
freqlite,ETTh2,336,720,0.39249,0.0016088980701088789,0.43014,0.0006206093779504268,487445,1024076,1.4878666666666664,85.8,3
freqlite,ETTm1,96,96,0.3511466666666667,0.0016515284839606081,0.3723916666666667,0.0004844856379020597,18917,49507,7.944266666666667,69.6,3
freqlite,ETTm1,96,192,0.3892893333333333,0.0015475084275483907,0.390949,0.001923224635865545,37829,86371,7.323533333333333,70.8,3
freqlite,ETTm1,96,336,0.42325566666666664,0.0013147038956865238,0.413414,0.0012723682643008731,66197,141667,7.882666666666666,73.0,3
freqlite,ETTm1,96,720,0.48679066666666665,0.0016836580214916793,0.4486773333333333,0.0003017570766913848,141845,289123,8.0904,79.1,3
freqlite,ETTm1,336,96,0.3022126666666667,0.0008747412950886415,0.34371833333333335,0.0006047200454204932,64997,185420,7.615600000000001,72.5,3
freqlite,ETTm1,336,192,0.34025733333333336,0.003968658001558365,0.367063,0.0034772087944211745,129989,314444,7.397666666666666,74.0,3
freqlite,ETTm1,336,336,0.371872,0.0006775773018630376,0.384283,0.000524819969132249,227477,507980,7.181766666666667,76.8,3
freqlite,ETTm1,336,720,0.4279853333333333,0.000531692893814998,0.416622,0.0005367187345342461,487445,1024076,7.593366666666667,85.8,3
freqlite,ETTm2,96,96,0.181623,0.00035453067568265434,0.2639146666666667,0.0007713114373152642,18917,49507,6.5932,69.6,3
freqlite,ETTm2,96,192,0.24633266666666667,0.00014135180696875832,0.30438000000000004,0.00017255433926740118,37829,86371,8.014000000000001,70.8,3
freqlite,ETTm2,96,336,0.30756,0.0003728753142807903,0.34285066666666664,0.0002732953225603216,66197,141667,7.3341,73.0,3
freqlite,ETTm2,96,720,0.4075683333333333,0.00019500341877344235,0.39819066666666664,0.00037714232503566723,141845,289123,8.123466666666667,79.1,3
freqlite,ETTm2,336,96,0.16405366666666668,0.0006391105798946913,0.25276533333333334,0.00042139569686144705,64997,185420,6.908,72.5,3
freqlite,ETTm2,336,192,0.21938833333333332,0.00012764925903951057,0.2904616666666667,0.00011180488957705736,129989,314444,7.883833333333333,74.0,3
freqlite,ETTm2,336,336,0.273514,0.0007979999999999723,0.32557833333333336,0.00033725410795623926,227477,507980,7.151800000000001,76.8,3
freqlite,ETTm2,336,720,0.3700113333333333,0.0035997390646175203,0.38328500000000004,0.0013849068560737355,487445,1024076,7.276966666666667,85.8,3
freqlite,electricity,336,96,0.14035666666666666,5.507570547281531e-06,0.23541933333333334,1.569500982265579e-05,64997,185420,9.941733333333334,171.5,3
freqlite,electricity,336,192,0.15446066666666666,8.621678104249063e-06,0.24748766666666666,1.6802777548182917e-05,129989,314444,11.034666666666666,183.4,3
freqlite,electricity,336,336,0.171026,1.7320508075786218e-06,0.2639546666666666,4.725815626233352e-06,227477,507980,15.656766666666668,225.69999999999996,3
freqlite,electricity,336,720,0.20952966666666664,2.1031722072460037e-05,0.29583366666666666,4.055038018728409e-05,487445,1024076,20.51523333333333,345.8999999999999,3
freqlite,traffic,336,96,0.409737,9.539392014163721e-06,0.27818366666666666,1.7925772879706156e-05,64997,185420,16.244366666666668,203.30000000000004,3
freqlite,traffic,336,192,0.4227783333333333,3.7859388972058015e-06,0.282802,1.311487704860442e-05,129989,314444,19.1932,217.19999999999996,3
freqlite,traffic,336,336,0.43537766666666666,2.7934447074073428e-05,0.2891886666666667,3.214550253644508e-06,227477,507980,23.784366666666667,274.9,3
freqlite,traffic,336,720,0.46340566666666666,0.00013229638443030466,0.3057643333333333,0.00010248089252802776,487445,1024076,35.2963,437.0,3
freqlite,weather,96,96,0.19485766666666668,0.0003599865738237126,0.23385599999999998,0.000252833937595427,18917,49507,7.6312999999999995,73.0,3
freqlite,weather,96,192,0.23984533333333333,0.00021364066404439558,0.269711,0.00021453904073621434,37829,86371,8.508433333333334,77.1,3
freqlite,weather,96,336,0.29175333333333336,2.0428737928097735e-05,0.3062,5.000000000025817e-06,66197,141667,8.477666666666666,83.3,3
freqlite,weather,96,720,0.3643509999999999,0.000621177108399845,0.3531006666666667,0.0003434317011187455,141845,289123,8.012666666666666,99.7,3
freqlite,weather,336,96,0.17417666666666665,0.0003069109534267798,0.22375799999999998,0.0005075657592864092,64997,185420,9.184099999999999,81.2,3
freqlite,weather,336,192,0.21761300000000003,0.00037878621939031417,0.2601276666666667,0.0005983187556256042,129989,314444,8.269,83.6,3
freqlite,weather,336,336,0.265355,0.00016897041161103378,0.29491399999999995,0.00023481269130945569,227477,507980,8.462000000000002,89.8,3
freqlite,weather,336,720,0.3333913333333333,0.0002486791775226497,0.3421523333333334,0.0002693182751566103,487445,1024076,8.6496,108.59999999999998,3
itransformer,ETTh1,96,96,0.3872066666666667,0.001341988946799988,0.40540100000000007,0.0011066196275143524,223968,0,9.640500000000001,75.3,3
itransformer,ETTh1,96,192,0.43432033333333336,0.003085605505137265,0.43181766666666666,0.001705865567192607,236352,0,10.348733333333334,75.7,3
itransformer,ETTh1,96,336,0.4864326666666667,0.002660126375444113,0.460706,0.0014248371836810105,254928,0,9.024700000000001,76.4,3
itransformer,ETTh1,96,720,0.48100766666666667,0.009973969387026103,0.47809033333333334,0.00684121658284062,304464,0,7.2138333333333335,78.2,3
itransformer,ETTh1,336,96,0.40251733333333334,0.002383139176240731,0.41578133333333334,0.001723787206511639,254688,0,3.0004666666666666,76.1,3
itransformer,ETTh1,336,192,0.4472233333333333,0.010178060145888963,0.4448263333333333,0.006848091583305059,267072,0,3.356733333333333,76.5,3
itransformer,ETTh1,336,336,0.47182199999999996,0.016629174393216282,0.460895,0.009992984138884668,285648,0,9.698933333333335,77.2,3
itransformer,ETTh1,336,720,0.4854343333333333,0.010901799683232741,0.4892206666666667,0.006822322356304569,335184,0,9.8234,79.0,3
itransformer,ETTh2,96,96,0.31568999999999997,0.0021584677435625564,0.3581513333333333,0.0026245047786836407,223968,0,7.456533333333333,75.3,3
itransformer,ETTh2,96,192,0.3812423333333334,0.003514756084472041,0.40040733333333334,0.0020087549211721427,236352,0,7.524566666666666,75.7,3
itransformer,ETTh2,96,336,0.427271,0.0033615828117123797,0.43392633333333336,0.0014403000844731733,254928,0,8.326233333333334,76.4,3
itransformer,ETTh2,96,720,0.43061533333333335,0.0014671231486597645,0.4473546666666666,0.00079619239718382,304464,0,5.3441,78.2,3
itransformer,ETTh2,336,96,0.32161066666666666,0.014548588980837072,0.37102300000000005,0.006425315167367289,254688,0,2.9395000000000002,76.1,3
itransformer,ETTh2,336,192,0.4011373333333334,0.017889964570488477,0.417506,0.00946560146002356,267072,0,3.671433333333333,76.5,3
itransformer,ETTh2,336,336,0.40962066666666663,0.003217800853585118,0.4297606666666667,0.0008796830868746554,285648,0,3.2248,77.2,3
itransformer,ETTh2,336,720,0.44141600000000003,0.004539004406254746,0.4575726666666667,0.0013177269570488917,335184,0,3.0864666666666665,79.0,3
itransformer,ETTm1,96,96,0.3320686666666667,0.000647896853930733,0.365635,0.001111110705555491,223968,0,33.12576666666667,75.3,3
itransformer,ETTm1,96,192,0.38127,0.00451489567985798,0.3926226666666666,0.002135135670943025,236352,0,11.4153,75.7,3
itransformer,ETTm1,96,336,0.42377466666666663,0.004162761623409819,0.416663,0.0024561563468150803,254928,0,36.03903333333333,76.4,3
itransformer,ETTm1,96,720,0.4917773333333333,0.011545579601446256,0.456407,0.005305929890226573,304464,0,30.6619,78.2,3
itransformer,ETTm1,336,96,0.32349066666666665,0.009814474276971411,0.36410733333333334,0.0012391909995369409,254688,0,13.459333333333333,76.1,3
itransformer,ETTm1,336,192,0.3559586666666667,0.006897065777077462,0.3852123333333333,0.0029647209537043044,267072,0,13.442466666666666,76.5,3
itransformer,ETTm1,336,336,0.38465466666666664,0.005358660031512846,0.404536,0.0020595853951705834,285648,0,13.3531,77.2,3
itransformer,ETTm1,336,720,0.44076033333333337,0.0016410540312047294,0.43541433333333335,0.0015762405696255037,335184,0,12.082099999999999,79.0,3
itransformer,ETTm2,96,96,0.18858566666666665,0.003501317656730578,0.2717513333333333,0.004593286114900001,223968,0,12.141233333333332,75.3,3
itransformer,ETTm2,96,192,0.252181,0.0013102026560803547,0.31127,0.0008418093608412613,236352,0,10.102966666666667,75.7,3
itransformer,ETTm2,96,336,0.3171376666666667,0.00337618635939033,0.351833,0.002260820868622729,254928,0,9.5355,76.4,3
itransformer,ETTm2,96,720,0.4168236666666667,0.0002792388463902206,0.40748266666666666,0.0013132617154753908,304464,0,9.265666666666666,78.2,3
itransformer,ETTm2,336,96,0.18672033333333335,0.005059848252006502,0.27525700000000003,0.005018279087496052,254688,0,12.209299999999999,76.1,3
itransformer,ETTm2,336,192,0.249714,0.008730248106440044,0.31701333333333337,0.0057593501658896465,267072,0,11.954099999999999,76.5,3
itransformer,ETTm2,336,336,0.30207500000000004,0.0075871411612016115,0.34943233333333334,0.0042538573475532915,285648,0,12.427999999999999,77.2,3
itransformer,ETTm2,336,720,0.396023,0.006195069249007638,0.40562766666666666,0.0050268106522260575,335184,0,12.588799999999999,79.0,3
itransformer,electricity,336,96,0.13356433333333334,0.00032094599753437064,0.22977533333333333,0.0004245389656242804,254688,0,20.964333333333332,164.9,3
itransformer,electricity,336,192,0.15335033333333334,0.0003604529557838749,0.24841233333333332,0.00022941737801075862,267072,0,21.4268,178.19999999999996,3
itransformer,electricity,336,336,0.16871833333333333,0.000994816733541075,0.264287,0.0008171431943056241,285648,0,22.411333333333335,196.1,3
itransformer,electricity,336,720,0.20765766666666666,0.0024061673535590517,0.29799733333333334,0.002540590548146901,335184,0,23.7978,242.4,3
itransformer,traffic,336,96,0.3809323333333334,0.0016363380865008854,0.2754396666666667,0.0004310247479360624,254688,0,51.22483333333333,196.5,3
itransformer,traffic,336,192,0.40568266666666664,0.00016447593542321035,0.287823,7.621023553301067e-05,267072,0,51.74816666666667,212.4,3
itransformer,traffic,336,336,0.420568,0.00030307919757052644,0.2949793333333333,0.0001851224819770399,285648,0,52.67686666666666,232.6,3
itransformer,traffic,336,720,0.4500456666666666,0.00031236090237628304,0.31121966666666667,0.0003480119729740988,335184,0,54.8991,296.7,3
itransformer,weather,96,96,0.176221,0.005488130373815821,0.216179,0.005599383626793223,223968,0,21.11323333333333,75.9,3
itransformer,weather,96,192,0.221705,0.0015310901345120009,0.256376,0.0009772497122025666,236352,0,18.25186666666667,76.6,3
itransformer,weather,96,336,0.2795316666666667,0.0005956730087332316,0.298493,0.00010001499887519951,254928,0,60.42466666666667,77.6,3
itransformer,weather,96,720,0.35497700000000004,0.001210065700695651,0.348667,0.0012225142125963247,304464,0,54.89736666666666,81.1,3
itransformer,weather,336,96,0.16028733333333334,0.0019923705311345402,0.20966200000000002,0.0013295397699956122,254688,0,13.362233333333334,83.1,3
itransformer,weather,336,192,0.20624833333333334,0.00044855583078734826,0.25159033333333336,0.0007920639704805225,267072,0,14.932266666666669,84.0,3
itransformer,weather,336,336,0.2555883333333333,0.0016162454434068337,0.28904466666666667,0.00026520620907766716,285648,0,23.888966666666665,86.3,3
itransformer,weather,336,720,0.326714,0.0027604697064086713,0.33865300000000004,0.0015719150740418472,335184,0,77.52506666666666,82.1,3
naive,ETTh1,96,96,1.294371,0.0,0.713181,0.0,0,0,0.0,0.4000000000000001,3
naive,ETTh1,96,192,1.32488,0.0,0.733101,0.0,0,0,0.0,67.9,3
naive,ETTh1,96,336,1.329927,0.0,0.745972,0.0,0,0,0.0,68.4,3
naive,ETTh1,96,720,1.335121,0.0,0.755045,0.0,0,0,0.0,69.8,3
naive,ETTh1,336,96,1.294371,0.0,0.713181,0.0,0,0,0.0,0.6,3
naive,ETTh1,336,192,1.32488,0.0,0.733101,0.0,0,0,0.0,68.1,3
naive,ETTh1,336,336,1.329927,0.0,0.745972,0.0,0,0,0.0,68.6,3
naive,ETTh1,336,720,1.335121,0.0,0.755045,0.0,0,0,0.0,70.0,3
naive,ETTh2,96,96,0.431657,0.0,0.421621,0.0,0,0,0.0,67.5,3
naive,ETTh2,96,192,0.533722,0.0,0.47253799999999996,0.0,0,0,0.0,67.9,3
naive,ETTh2,96,336,0.597277,0.0,0.510865,0.0,0,0,0.0,68.4,3
naive,ETTh2,96,720,0.594472,0.0,0.518991,0.0,0,0,0.0,69.8,3
naive,ETTh2,336,96,0.431657,0.0,0.421621,0.0,0,0,0.0,67.8,3
naive,ETTh2,336,192,0.533722,0.0,0.47253799999999996,0.0,0,0,0.0,68.1,3
naive,ETTh2,336,336,0.597277,0.0,0.510865,0.0,0,0,0.0,68.6,3
naive,ETTh2,336,720,0.594472,0.0,0.518991,0.0,0,0,0.0,70.0,3
naive,ETTm1,96,96,1.213897,0.0,0.664785,0.0,0,0,0.0,67.5,3
naive,ETTm1,96,192,1.261195,0.0,0.690363,0.0,0,0,0.0,67.9,3
naive,ETTm1,96,336,1.286579,0.0,0.7072379999999999,0.0,0,0,0.0,68.4,3
naive,ETTm1,96,720,1.322312,0.0,0.7294680000000001,0.0,0,0,0.0,69.8,3
naive,ETTm1,336,96,1.213897,0.0,0.664785,0.0,0,0,0.0,67.8,3
naive,ETTm1,336,192,1.261195,0.0,0.690363,0.0,0,0,0.0,68.1,3
naive,ETTm1,336,336,1.286579,0.0,0.7072379999999999,0.0,0,0,0.0,68.6,3
naive,ETTm1,336,720,1.322312,0.0,0.7294680000000001,0.0,0,0,0.0,70.0,3
naive,ETTm2,96,96,0.266462,0.0,0.327765,0.0,0,0,0.0,67.5,3
naive,ETTm2,96,192,0.34,0.0,0.370673,0.0,0,0,0.0,67.9,3
naive,ETTm2,96,336,0.412055,0.0,0.40991099999999997,0.0,0,0,0.0,68.4,3
naive,ETTm2,96,720,0.521559,0.0,0.465622,0.0,0,0,0.0,69.8,3
naive,ETTm2,336,96,0.266462,0.0,0.327765,0.0,0,0,0.0,67.8,3
naive,ETTm2,336,192,0.34,0.0,0.370673,0.0,0,0,0.0,68.1,3
naive,ETTm2,336,336,0.412055,0.0,0.40991099999999997,0.0,0,0,0.0,68.6,3
naive,ETTm2,336,720,0.521559,0.0,0.465622,0.0,0,0,0.0,70.0,3
naive,electricity,336,96,1.587703,0.0,0.945404,0.0,0,0,0.0,14.800000000000002,3
naive,electricity,336,192,1.596046,0.0,0.950663,0.0,0,0,0.0,89.8,3
naive,electricity,336,336,1.617714,0.0,0.961274,0.0,0,0,0.0,101.90000000000002,3
naive,electricity,336,720,1.646619,0.0,0.975316,0.0,0,0,0.0,133.2,3
naive,traffic,336,96,2.714209,0.0,1.077165,0.0,0,0,0.0,19.9,3
naive,traffic,336,192,2.746775,0.0,1.084998,0.0,0,0,0.0,97.59999999999998,3
naive,traffic,336,336,2.788214,0.0,1.094048,0.0,0,0,0.0,113.5,3
naive,traffic,336,720,2.809222,0.0,1.096682,0.0,0,0,0.0,155.8,3
naive,weather,96,96,0.259125,0.0,0.254221,0.0,0,0,0.0,68.4,3
naive,weather,96,192,0.309216,0.0,0.29175,0.0,0,0,0.0,69.4,3
naive,weather,96,336,0.376412,0.0,0.33771600000000007,0.0,0,0,0.0,71.0,3
naive,weather,96,720,0.4652,0.0,0.3935199999999999,0.0,0,0,0.0,75.1,3
naive,weather,336,96,0.259125,0.0,0.254221,0.0,0,0,0.0,69.0,3
naive,weather,336,192,0.309216,0.0,0.29175,0.0,0,0,0.0,70.1,3
naive,weather,336,336,0.376412,0.0,0.33771600000000007,0.0,0,0,0.0,71.6,3
naive,weather,336,720,0.4652,0.0,0.3935199999999999,0.0,0,0,0.0,75.8,3
nlinear,ETTh1,96,96,0.3982316666666667,0.002984257417404446,0.406642,0.0028399804576792536,9312,18432,0.6128666666666667,69.2,3
nlinear,ETTh1,96,192,0.4463586666666666,0.001426092680485146,0.43297500000000005,0.000983112913148837,18624,36864,0.7008333333333333,69.8,3
nlinear,ETTh1,96,336,0.48787,0.0014481336264309471,0.4540166666666667,0.0013837175771570366,32592,64512,0.7024666666666667,70.8,3
nlinear,ETTh1,96,720,0.48240599999999995,0.00010280564186850347,0.471708,8.973850901368134e-05,69840,138240,0.6909000000000001,73.5,3
nlinear,ETTh1,336,96,0.384263,0.004715067655930296,0.4046546666666666,0.0037056084970397674,32352,64512,0.8608666666666668,70.4,3
nlinear,ETTh1,336,192,0.4132913333333333,0.0005897468383410958,0.42067366666666667,0.0004550564067600015,64704,129024,0.6565,71.4,3
nlinear,ETTh1,336,336,0.43828566666666663,0.001557274007146287,0.436953,0.001866747706574196,113232,225792,0.5880000000000001,73.0,3
nlinear,ETTh1,336,720,0.44416133333333335,0.0003928006279696397,0.459038,0.0003789406285950486,242640,483840,0.8376666666666667,77.1,3
nlinear,ETTh2,96,96,0.2984173333333333,0.000133665004145927,0.3471423333333334,0.00010150041050820546,9312,18432,0.6294333333333334,69.2,3
nlinear,ETTh2,96,192,0.38461733333333337,0.0001932907999190179,0.399102,0.00023643815258964828,18624,36864,0.7807666666666666,69.8,3
nlinear,ETTh2,96,336,0.42453199999999996,0.0012424133772621913,0.4340976666666667,0.0004948144433354214,32592,64512,0.6759666666666666,70.8,3
nlinear,ETTh2,96,720,0.4304156666666667,0.0003356550808990268,0.449574,0.00026734247698410933,69840,138240,0.7193333333333333,73.5,3
nlinear,ETTh2,336,96,0.2827153333333334,0.001412102451429546,0.3440456666666667,0.0005506744349734494,32352,64512,0.6718000000000001,70.4,3
nlinear,ETTh2,336,192,0.3472036666666667,0.0028097831470298837,0.3856933333333334,0.0013286949737744047,64704,129024,1.0357,71.4,3
nlinear,ETTh2,336,336,0.384446,0.013231462957662695,0.41526833333333335,0.005861062816020094,113232,225792,0.6536,73.0,3
nlinear,ETTh2,336,720,0.406932,0.006778351421990481,0.442412,0.0021870603558200984,242640,483840,0.6405,77.1,3
nlinear,ETTm1,96,96,0.3494806666666667,0.001722064265157773,0.3707276666666666,0.0019422217518433368,9312,18432,2.5511,69.2,3
nlinear,ETTm1,96,192,0.39054166666666673,0.0001564491397654094,0.39145633333333335,0.000296926477992999,18624,36864,3.2992666666666666,69.8,3
nlinear,ETTm1,96,336,0.4240296666666667,0.0016173834836962233,0.4132576666666667,0.0013101924794980987,32592,64512,2.955,70.8,3
nlinear,ETTm1,96,720,0.4858036666666667,2.2143471573667676e-05,0.4481193333333333,0.00013347034626961843,69840,138240,3.2596000000000003,73.5,3
nlinear,ETTm1,336,96,0.30493600000000004,0.0017757727895201052,0.346865,0.001841889518945131,32352,64512,2.7866666666666666,70.4,3
nlinear,ETTm1,336,192,0.34293700000000005,0.003495532720487663,0.369996,0.00309080717612733,64704,129024,3.3066666666666666,71.4,3
nlinear,ETTm1,336,336,0.37361533333333335,0.0015239837050747564,0.3863006666666666,0.0009528013084233691,113232,225792,3.0203333333333333,73.0,3
nlinear,ETTm1,336,720,0.43095666666666665,0.002598283343543054,0.4192396666666667,0.0015794803997939456,242640,483840,3.0124999999999997,77.1,3
nlinear,ETTm2,96,96,0.18325500000000003,0.00012757742747054006,0.2664276666666667,0.0008602931670850904,9312,18432,2.3760333333333334,69.2,3
nlinear,ETTm2,96,192,0.24714166666666668,0.0002270601975981954,0.30516933333333335,0.0005121487414153408,18624,36864,2.9039,69.8,3
nlinear,ETTm2,96,336,0.308506,0.00029940440878517343,0.34432999999999997,0.0003860582857548679,32592,64512,2.9741,70.8,3
nlinear,ETTm2,96,720,0.40889366666666666,0.0001355076873588156,0.39985633333333337,7.941242556005722e-05,69840,138240,3.2708666666666666,73.5,3
nlinear,ETTm2,336,96,0.16725066666666666,0.000653180169121307,0.2569183333333333,0.0002386322135281402,32352,64512,68.84433333333334,70.4,3
nlinear,ETTm2,336,192,0.22173433333333334,0.00040773071178577987,0.29394499999999996,0.00023882210952926123,64704,129024,2.8345,71.4,3
nlinear,ETTm2,336,336,0.27619166666666667,0.00019553601543792913,0.3292966666666666,0.00015131864833302022,113232,225792,3.1474666666666664,73.0,3
nlinear,ETTm2,336,720,0.37055466666666664,0.00014002975874196074,0.3861156666666667,6.789943544191502e-05,242640,483840,2.7139333333333333,77.1,3
nlinear,electricity,336,96,0.141358,5.567764362821258e-06,0.23728233333333335,6.658328118487094e-06,32352,64512,6.9827,109.40000000000002,3
nlinear,electricity,336,192,0.15556866666666666,2.2368132093081048e-05,0.24957933333333335,3.458805188693963e-05,64704,129024,12.348433333333332,120.5,3
nlinear,electricity,336,336,0.17223833333333335,2.0647840887931366e-05,0.2662713333333333,2.668957349473816e-05,113232,225792,7.4251000000000005,139.8,3
nlinear,electricity,336,720,0.21108466666666667,1.1930353445444888e-05,0.2986276666666667,4.437717130840781e-05,242640,483840,10.456966666666666,195.19999999999996,3
nlinear,traffic,336,96,0.4107543333333333,1.9087517736278913e-05,0.28081533333333336,3.477547028199504e-05,32352,64512,8.570366666666667,121.59999999999998,3
nlinear,traffic,336,192,0.423923,2.1931712199416802e-05,0.285804,4.590206967014449e-05,64704,129024,9.7517,138.0,3
nlinear,traffic,336,336,0.43662466666666666,2.4440403706431362e-05,0.29259433333333335,2.5423086620869606e-05,113232,225792,11.2055,162.7,3
nlinear,traffic,336,720,0.4649776666666667,0.00011816231773846473,0.309806,8.838551917595796e-05,242640,483840,14.452800000000002,237.80000000000004,3
nlinear,weather,96,96,0.19499466666666665,0.0001994049481164799,0.23408133333333334,0.000297094822124753,9312,18432,2.8541000000000003,70.9,3
nlinear,weather,96,192,0.24114099999999997,7.937253933206955e-06,0.2710166666666667,0.00014246871001496493,18624,36864,3.070733333333333,72.6,3
nlinear,weather,96,336,0.29316966666666666,0.00013660649081700604,0.3077223333333334,0.0001071089787708323,32592,64512,3.4949666666666666,75.1,3
nlinear,weather,96,720,0.36607866666666666,0.0004503524545656862,0.355507,0.00011399999999998911,69840,138240,3.8994,82.5,3
nlinear,weather,336,96,0.17371833333333334,0.001073067720758259,0.22351266666666667,0.0018955817928365277,32352,64512,3.5355000000000003,73.8,3
nlinear,weather,336,192,0.21747733333333333,0.00026310897615501307,0.26042133333333334,0.0003760217192308785,64704,129024,3.593833333333334,75.9,3
nlinear,weather,336,336,0.2655623333333333,0.00013335041557242293,0.2956896666666667,0.00016858924441773174,113232,225792,3.6707666666666667,79.0,3
nlinear,weather,336,720,0.3344996666666667,0.00021241547338488826,0.34431266666666666,0.0002372221181368596,242640,483840,3.8194,87.3,3
patchtst,ETTh1,96,96,0.37583833333333333,0.002853054561927134,0.3961073333333333,0.00039073946989433983,142626,0,3.3095666666666665,103.59999999999998,3
patchtst,ETTh1,96,192,0.44185800000000003,0.00021540427108111208,0.435713,0.0034255012771855367,216450,0,2.9784333333333333,105.0,3
patchtst,ETTh1,96,336,0.5067006666666667,0.0031671591897683158,0.4694773333333333,0.002193671427842693,327186,0,3.729033333333333,107.2,3
patchtst,ETTh1,96,720,0.5290956666666666,0.02162072686875569,0.49957566666666664,0.006684728890039819,622482,0,2.840866666666667,112.93333333333334,3
patchtst,ETTh1,336,96,0.431356,0.043489300626705876,0.43446466666666667,0.02419905713727982,328866,0,3.4676666666666667,154.1,3
patchtst,ETTh1,336,192,0.4443093333333333,0.005967302098380241,0.4452723333333333,0.004817701976392196,587010,0,3.4202999999999997,158.4,3
patchtst,ETTh1,336,336,0.5518136666666666,0.0582729892946409,0.503405,0.027493636154572194,974226,0,4.358366666666666,165.1,3
patchtst,ETTh1,336,720,0.6297186666666666,0.0294962545814436,0.5572356666666667,0.014103401764586184,2006802,0,3.403033333333333,183.4,3
patchtst,ETTh2,96,96,0.29755899999999996,0.006587416185425064,0.34550233333333336,0.004467877609484571,142626,0,3.6840333333333333,103.59999999999998,3
patchtst,ETTh2,96,192,0.3762396666666667,0.005864509897112761,0.394236,0.003502586330128072,216450,0,3.0071999999999997,105.0,3
patchtst,ETTh2,96,336,0.42449699999999996,0.0014540010316365028,0.43211333333333335,0.0015357842730453334,327186,0,3.6921,107.2,3
patchtst,ETTh2,96,720,0.42522666666666664,0.009470893164497913,0.442594,0.004747277008981057,622482,0,3.583166666666667,112.93333333333334,3
patchtst,ETTh2,336,96,0.34567033333333336,0.015948703531426394,0.38153366666666666,0.007674829010038793,328866,0,4.180000000000001,154.1,3
patchtst,ETTh2,336,192,0.4227993333333333,0.02870040251169541,0.42856066666666665,0.012663013951399276,587010,0,3.3246,158.4,3
patchtst,ETTh2,336,336,0.43225933333333333,0.0056376094520047436,0.43965666666666664,0.0027921435015652867,974226,0,3.3462333333333336,165.1,3
patchtst,ETTh2,336,720,0.420989,0.016238843801207034,0.446801,0.008257911176562752,2006802,0,3.3841666666666668,183.4,3
patchtst,ETTm1,96,96,0.324235,0.003982926185607758,0.36366699999999996,0.0033861575568777122,142626,0,13.101533333333334,103.59999999999998,3
patchtst,ETTm1,96,192,0.3689256666666667,0.00279586450553908,0.39076099999999997,0.001634129431838258,216450,0,14.054333333333332,105.0,3
patchtst,ETTm1,96,336,0.391276,0.001488452888068696,0.40684899999999996,0.001063338140010008,327186,0,13.521166666666666,107.2,3
patchtst,ETTm1,96,720,0.45080499999999996,0.0015260629082708146,0.4419946666666667,0.000481166637801663,622482,0,13.8934,112.93333333333334,3
patchtst,ETTm1,336,96,0.30240666666666666,0.012889752687050808,0.35237333333333337,0.007716829033568985,328866,0,14.100466666666668,154.1,3
patchtst,ETTm1,336,192,0.3453176666666667,0.0014434362934792886,0.38109666666666664,0.0031744669368782745,587010,0,14.3302,158.4,3
patchtst,ETTm1,336,336,0.3809123333333333,0.01064456407436836,0.40103266666666665,0.0058721884620074214,974226,0,14.425333333333333,165.1,3
patchtst,ETTm1,336,720,0.42916166666666666,0.007424472394273756,0.43583666666666665,0.005781829842993781,2006802,0,15.1133,183.4,3
patchtst,ETTm2,96,96,0.1771883333333333,0.0009721117905536013,0.260581,0.0004504708647626496,142626,0,13.4303,103.59999999999998,3
patchtst,ETTm2,96,192,0.24461633333333332,0.002668634357369571,0.30420200000000003,0.0027087582025718277,216450,0,13.786200000000001,105.0,3
patchtst,ETTm2,96,336,0.310108,0.005413835885949994,0.34729499999999996,0.004615181361550154,327186,0,13.546533333333334,107.2,3
patchtst,ETTm2,96,720,0.4074423333333333,0.003777527277642535,0.40531,0.0031508314775627105,622482,0,14.149500000000002,112.93333333333334,3
patchtst,ETTm2,336,96,0.17685333333333333,0.002317635936322478,0.2623316666666667,0.0008924266543158332,328866,0,14.044933333333333,154.1,3
patchtst,ETTm2,336,192,0.242765,0.009259781638894082,0.30808300000000005,0.004908509244159571,587010,0,390.16976666666665,158.4,3
patchtst,ETTm2,336,336,0.31019100000000005,0.008733414681555016,0.34982566666666665,0.006376514904972237,974226,0,14.5785,165.1,3
patchtst,ETTm2,336,720,0.3869746666666667,0.007057148456234507,0.4028796666666667,0.006989589711373134,2006802,0,15.222999999999999,183.4,3
patchtst,weather,96,96,0.175462,0.0010559564384954542,0.21695033333333336,0.001438515322592475,142626,0,17.9865,171.0,3
patchtst,weather,96,192,0.22127966666666665,0.00020151757574300393,0.25792366666666666,0.00034549867341762035,216450,0,18.0819,172.9,3
patchtst,weather,96,336,0.2781576666666667,0.0007961044738809904,0.29859566666666665,0.00081785104593282,327186,0,18.201633333333334,175.9,3
patchtst,weather,96,720,0.3549873333333333,0.001153287619517938,0.3489443333333333,0.0008901159100551594,622482,0,21.84306666666667,184.1,3
patchtst,weather,336,96,0.14859633333333333,0.0010303209855832838,0.19656533333333334,0.0014610579500257154,328866,0,37.48876666666667,315.8,3
patchtst,weather,336,192,0.19504733333333335,0.0019841553198611437,0.24113766666666667,0.0013550591623000506,587010,0,37.839,320.7,3
patchtst,weather,336,336,0.24799366666666667,0.0016044651237510196,0.28316800000000003,0.004479754904009787,974226,0,38.51286666666667,327.8,3
patchtst,weather,336,720,0.329469,0.007946833583258196,0.3391383333333333,0.006202998092320645,2006802,0,40.124433333333336,350.3,3
rlinear,ETTh1,96,96,0.3909386666666667,0.00012987044826800093,0.39881733333333336,0.00011871113399059786,9314,18432,0.7514,69.1,3
rlinear,ETTh1,96,192,0.442558,0.0009338741885286282,0.4285756666666667,0.0010016897390576086,18626,36864,0.8906999999999999,69.8,3
rlinear,ETTh1,96,336,0.48555433333333337,0.00010354870029765456,0.450396,8.706893820414809e-05,32594,64512,1.0133333333333334,70.8,3
rlinear,ETTh1,96,720,0.4873053333333333,0.0001451148970069485,0.474418,8.729833904489809e-05,69842,138240,0.8035333333333333,74.3,3
rlinear,ETTh1,336,96,0.379075,0.0029542506664127087,0.399835,0.0025875942494912015,32354,64512,0.8657666666666666,70.1,3
rlinear,ETTh1,336,192,0.4118203333333333,0.0014326480144590168,0.41857799999999995,0.0010242270256149155,64706,129024,0.8747333333333334,71.1,3
rlinear,ETTh1,336,336,0.44203666666666663,0.00694597015062214,0.43971066666666664,0.005954696661739657,113234,225792,0.7419333333333333,72.7,3
rlinear,ETTh1,336,720,0.4492606666666667,0.0024182721793324425,0.46297666666666665,0.0019462636854581845,242642,483840,1.0491,77.7,3
rlinear,ETTh2,96,96,0.295338,0.00036629632812792837,0.344069,0.0002911511634872708,9314,18432,0.9254333333333333,69.1,3
rlinear,ETTh2,96,192,0.3815296666666667,1.4640127503979014e-05,0.3959876666666666,8.200812967828714e-05,18626,36864,0.8972333333333333,69.8,3
rlinear,ETTh2,96,336,0.42092666666666667,0.0001769783414243975,0.43088499999999996,0.00010916043239192613,32594,64512,1.0031,70.8,3
rlinear,ETTh2,96,720,0.4270083333333334,0.0001105637071254849,0.4446646666666667,8.789956389731561e-05,69842,138240,0.8494666666666667,74.3,3
rlinear,ETTh2,336,96,0.281282,0.00034568338114525024,0.3419993333333333,0.0004922340229335354,32354,64512,1.0326,70.1,3
rlinear,ETTh2,336,192,0.3488343333333333,0.013428412427883412,0.38590166666666664,0.006381340637619444,64706,129024,1.0446666666666669,71.1,3
rlinear,ETTh2,336,336,0.3689533333333333,0.0038068084182597615,0.40722566666666665,0.0019421447766151145,113234,225792,0.9719333333333333,72.7,3
rlinear,ETTh2,336,720,0.39654266666666665,0.0008903877432519868,0.43334333333333336,0.000257018157594605,242642,483840,0.8337,77.7,3
rlinear,ETTm1,96,96,0.3515253333333333,0.0007633225617871904,0.3730386666666667,0.0009287520300561136,9314,18432,3.1454,69.1,3
rlinear,ETTm1,96,192,0.39096766666666666,0.001228315241838721,0.3920093333333334,0.0011794966440534618,18626,36864,3.8453666666666666,69.8,3
rlinear,ETTm1,96,336,0.42381033333333334,0.0006995729649817179,0.4137773333333334,0.0006060184265625332,32594,64512,4.0355,70.8,3
rlinear,ETTm1,96,720,0.4868856666666666,0.0001377691305529993,0.44887733333333335,0.00034677994943959635,69842,138240,3.6335,74.3,3
rlinear,ETTm1,336,96,0.30491633333333334,0.003933630172414951,0.3462503333333333,0.0030639928742301928,32354,64512,3.678266666666667,70.1,3
rlinear,ETTm1,336,192,0.33829933333333334,0.0025447358081603175,0.3659153333333333,0.0025597324730005145,64706,129024,4.313833333333333,71.1,3
rlinear,ETTm1,336,336,0.3731583333333333,0.0007005014870315032,0.38589999999999997,0.0006469258071834812,113234,225792,3.5904333333333334,72.7,3
rlinear,ETTm1,336,720,0.4307636666666667,0.0027844685908326177,0.41814999999999997,0.00121045941691573,242642,483840,3.7715,77.7,3
rlinear,ETTm2,96,96,0.18258433333333332,5.76396854028081e-05,0.2656256666666667,0.00010279267159348021,9314,18432,3.6891666666666665,69.1,3
rlinear,ETTm2,96,192,0.247219,7.014983962917034e-05,0.305525,4.92747399790008e-05,18626,36864,4.024633333333333,69.8,3
rlinear,ETTm2,96,336,0.308492,0.0003277575323314279,0.3439813333333333,0.00024208744976418365,32594,64512,4.141333333333333,70.8,3
rlinear,ETTm2,96,720,0.40858533333333336,0.00012170592973778607,0.399408,7.291776189653964e-05,69842,138240,4.1480999999999995,74.3,3
rlinear,ETTm2,336,96,0.1658103333333333,4.781561809005795e-05,0.25529033333333334,6.747098141671462e-05,32354,64512,3.811666666666666,70.1,3
rlinear,ETTm2,336,192,0.22092966666666666,0.0003465058922057966,0.29241066666666665,4.0501028793536813e-05,64706,129024,4.088433333333334,71.1,3
rlinear,ETTm2,336,336,0.27465100000000003,0.00014422205101855755,0.3274616666666667,0.0001807880895781942,113234,225792,4.418433333333334,72.7,3
rlinear,ETTm2,336,720,0.36890133333333336,0.00016129889439589804,0.3842466666666667,7.912226825194776e-05,242642,483840,4.0722,77.7,3
rlinear,electricity,336,96,0.14078166666666667,6.658328118470073e-06,0.236155,5.291502622134473e-06,32354,64512,7.118733333333334,119.2,3
rlinear,electricity,336,192,0.15495266666666666,4.9328828623284486e-06,0.248339,3.605551275467595e-06,64706,129024,7.4243999999999994,130.6,3
rlinear,electricity,336,336,0.17162533333333332,4.163331998940318e-06,0.2649266666666667,1.0598742063729331e-05,113234,225792,8.176266666666665,152.9,3
rlinear,electricity,336,720,0.21024166666666666,1.721433511156763e-05,0.296849,3.42198772645298e-05,242642,483840,10.803066666666666,224.9,3
rlinear,traffic,336,96,0.4098906666666666,1.234233905436983e-05,0.278633,3.119294792098274e-05,32354,64512,9.710266666666667,136.5,3
rlinear,traffic,336,192,0.4229776666666667,2.309401076764819e-06,0.28333533333333333,8.020806277017512e-06,64706,129024,11.922233333333333,150.3,3
rlinear,traffic,336,336,0.43561300000000003,6.999999999986184e-06,0.289801,6.55743852430221e-06,113234,225792,12.205166666666665,180.19999999999996,3
rlinear,traffic,336,720,0.46377766666666664,0.00012617580327993122,0.3064116666666667,0.0001202386515781721,242642,483840,16.319233333333333,277.6,3
rlinear,weather,96,96,0.1947023333333333,0.0003892252989379503,0.23394833333333334,0.00019953529345290624,9314,18432,4.2339,70.6,3
rlinear,weather,96,192,0.24003333333333332,0.000192086785941492,0.26995033333333335,0.00023945215249256412,18626,36864,4.580666666666667,72.8,3
rlinear,weather,96,336,0.291295,0.00044860115916033684,0.3062226666666667,7.221034090304408e-05,32594,64512,4.048166666666667,76.5,3
rlinear,weather,96,720,0.36402266666666666,0.00040272240232366494,0.3529166666666667,4.936935621752711e-05,69842,138240,4.7218,86.40000000000002,3
rlinear,weather,336,96,0.174651,0.0005127172710178518,0.22435400000000003,0.0005657534798832428,32354,64512,4.494866666666667,74.3,3
rlinear,weather,336,192,0.21778866666666666,0.0002475526879945634,0.260245,0.00015515476144804796,64706,129024,5.067266666666667,76.2,3
rlinear,weather,336,336,0.26523199999999997,2.2605309110939385e-05,0.2948153333333334,1.106044001537872e-05,113234,225792,4.7335,79.8,3
rlinear,weather,336,720,0.333434,0.0003656938610367851,0.3422336666666667,0.00039869829863360554,242642,483840,4.9889,91.09999999999998,3
timesnet,ETTh1,96,96,0.401346,0.0034517686770697636,0.4161513333333333,0.003069413027491299,363751,0,29.921300000000002,306.6333333333333,3
timesnet,ETTh1,96,192,0.48539933333333335,0.021228535637988176,0.4706683333333333,0.011311503451501621,373063,0,33.673633333333335,391.9666666666667,3
timesnet,ETTh1,96,336,0.5193096666666667,0.037345919540604844,0.48502533333333336,0.016183817267052113,387031,0,24.910533333333333,949.7333333333332,3
timesnet,ETTh1,96,720,0.5748666666666667,0.045815263639242945,0.522841,0.01791668797518113,424279,0,74.13533333333334,1279.4333333333334,3
timesnet,ETTh1,336,96,0.45705999999999997,0.050841959728161516,0.4542196666666667,0.019972791901317493,490711,0,16.6938,609.4333333333333,3
timesnet,ETTh1,336,192,0.5298906666666666,0.03464880261038374,0.49941299999999994,0.016682734428144573,523063,0,31.30463333333333,964.4333333333333,3
timesnet,ETTh1,336,336,0.599565,0.10591458908479036,0.5389780000000001,0.047353866040694144,571591,0,27.12063333333333,1241.7,3
timesnet,ETTh1,336,720,0.6728770000000001,0.03133546490799203,0.576841,0.01464050832450844,700999,0,33.76486666666667,506.73333333333335,3
timesnet,ETTh2,96,96,0.33468766666666666,0.01821900091479589,0.3669263333333333,0.00922652574555197,363751,0,22.17696666666667,306.96666666666664,3
timesnet,ETTh2,96,192,0.41933400000000004,0.01585238817970338,0.4167443333333333,0.0032679829150920256,373063,0,35.47586666666667,393.1333333333334,3
timesnet,ETTh2,96,336,0.4449186666666667,0.00942103127759024,0.44113633333333335,0.002025886554902183,387031,0,34.20786666666667,1218.2333333333333,3
timesnet,ETTh2,96,720,0.44071366666666667,0.005162405479360711,0.4525523333333334,0.003373639627069455,424279,0,96.22333333333334,1282.2333333333333,3
timesnet,ETTh2,336,96,0.40642500000000004,0.023619189084301783,0.42709899999999995,0.006501058144640756,490711,0,25.599033333333335,682.6,3
timesnet,ETTh2,336,192,0.42510000000000003,0.02281318121174684,0.44100066666666665,0.0103799442355599,523063,0,61.8817,1236.9666666666667,3
timesnet,ETTh2,336,336,0.4314276666666667,0.014768045379579969,0.4466613333333333,0.01150823645626615,571591,0,48.3785,1254.9666666666667,3
timesnet,ETTh2,336,720,0.47905033333333336,0.005813684058609773,0.4806523333333333,0.0009190029017001983,700999,0,36.075966666666666,439.59999999999997,3
timesnet,ETTm1,96,96,0.3439023333333333,0.012728555154978671,0.3748576666666667,0.005872379784493992,363751,0,70.12083333333334,373.6666666666667,3
timesnet,ETTm1,96,192,0.40230066666666664,0.00797154698495428,0.40624566666666667,0.0027675198885163056,373063,0,124.35783333333332,383.8999999999999,3
timesnet,ETTm1,96,336,0.45447666666666664,0.007642774387179938,0.4348626666666667,0.005585261885832504,387031,0,145.2421,940.0666666666666,3
timesnet,ETTm1,96,720,0.542066,0.0349921383885009,0.47942533333333337,0.012361654029025967,424279,0,131.31113333333334,1287.6333333333334,3
timesnet,ETTm1,336,96,0.3798893333333333,0.028801020091887945,0.39664499999999997,0.012963872376724486,490711,0,102.91646666666666,615.9666666666667,3
timesnet,ETTm1,336,192,0.4718853333333333,0.03982197686370352,0.441193,0.020577615678207234,523063,0,151.1586,1225.8,3
timesnet,ETTm1,336,336,0.45368,0.007013909394909519,0.443135,0.0019632139465682184,571591,0,104.96953333333333,977.0,3
timesnet,ETTm1,336,720,0.520273,0.043772230957537434,0.47848599999999997,0.014801523131083476,700999,0,142.7927,971.0,3
timesnet,ETTm2,96,96,0.18947266666666665,0.00669119244479886,0.266931,0.004225297740988177,363751,0,198.40166666666667,370.2,3
timesnet,ETTm2,96,192,0.2590573333333333,0.005446521305689847,0.31066699999999997,0.004442027352459667,373063,0,108.44846666666668,390.7,3
timesnet,ETTm2,96,336,0.3243163333333334,0.018425970702607024,0.3502456666666667,0.008752922845160556,387031,0,68.32916666666667,942.8666666666667,3
timesnet,ETTm2,96,720,0.4401386666666667,0.007997038472668047,0.4140886666666667,0.00439621818536495,424279,0,186.89563333333334,1286.8999999999999,3
timesnet,ETTm2,336,96,0.20061866666666664,0.004200208844013997,0.2799876666666667,0.003376849468562862,490711,0,82.37296666666667,951.5333333333334,3
timesnet,ETTm2,336,192,0.266549,0.010774122098806899,0.32491866666666663,0.006750397050050732,523063,0,83.03616666666666,1226.6666666666667,3
timesnet,ETTm2,336,336,0.3089476666666667,0.017272717948641814,0.35000766666666666,0.009557694300056532,571591,0,123.88906666666666,715.3666666666667,3
timesnet,ETTm2,336,720,0.4280523333333333,0.02764319585962036,0.41804966666666665,0.015027833188232224,700999,0,243.11783333333332,1036.9666666666667,3
timesnet,electricity,336,96,0.191128,0.007980073370590023,0.2961283333333333,0.007051957340578094,511121,0,74.6493,674.4333333333334,3
timesnet,electricity,336,192,0.2047766666666667,0.0038584722797155484,0.30620733333333333,0.003145941088662233,543473,0,81.40446666666666,691.3666666666667,3
timesnet,electricity,336,336,0.20710266666666666,0.0003021826158688485,0.310822,0.000612199313949285,592001,0,60.9246,700.6,3
timesnet,electricity,336,720,0.23109533333333332,0.0014969556885002803,0.3267813333333333,0.0042128264067408955,721409,0,124.80033333333334,762.6,3
timesnet,traffic,336,96,0.6112176666666667,0.01008969406539831,0.3310646666666667,0.004371775078081377,546286,0,79.61083333333333,530.8666666666667,3
timesnet,traffic,336,192,0.6321233333333334,0.014878169925543023,0.34131466666666666,0.00830705473277585,578638,0,94.04610000000001,544.3000000000001,3
timesnet,traffic,336,336,0.6341413333333333,0.002736659520900084,0.34062333333333333,0.0043897045838340205,627166,0,58.59863333333334,541.8666666666667,3
timesnet,traffic,336,720,0.6673996666666667,0.0033728031862730046,0.35621733333333333,0.0021386805122162057,756574,0,104.05546666666667,749.2666666666668,3
timesnet,weather,96,96,0.16918966666666665,0.00196578796754209,0.21726,0.0021100815150131014,364661,0,69.07236666666667,155.5,3
timesnet,weather,96,192,0.21964233333333336,0.003618425946918531,0.2612746666666667,0.0030310658741329196,373973,0,113.07809999999999,230.76666666666665,3
timesnet,weather,96,336,0.28361600000000003,0.006317584585899914,0.30579633333333334,0.005376794615133925,387941,0,182.19906666666668,642.6,3
timesnet,weather,96,720,0.37087566666666666,0.01113240703232385,0.36031066666666667,0.006763835179344139,425189,0,249.17646666666667,681.4666666666667,3
timesnet,weather,336,96,0.18274366666666664,0.015025497806506548,0.23546466666666666,0.012423095682370511,491621,0,92.41539999999999,873.1666666666666,3
timesnet,weather,336,192,0.24957333333333334,0.02800260817019254,0.28918466666666665,0.018654482312123646,523973,0,114.18560000000001,953.4,3
timesnet,weather,336,336,0.33165433333333333,0.0026242241393092595,0.3410513333333333,0.0029317902949108237,572501,0,163.30226666666667,1049.4666666666667,3
timesnet,weather,336,720,0.39999433333333334,0.006537243940173328,0.3872603333333333,0.004131023642311123,701909,0,227.91853333333333,521.1,3
