model,dataset,lookback,horizon,seed,test_mse,test_mae,val_mse,params,flops_per_series,sec_per_epoch,peak_gpu_mem_mb,epochs_run,lookback_label
naive,ETTh1,336,96,2021,1.294371,0.713181,1.560809,0,0,0.0000,0.6,0,L336
naive,ETTh1,336,96,2022,1.294371,0.713181,1.560809,0,0,0.0000,0.6,0,L336
naive,ETTh1,336,96,2023,1.294371,0.713181,1.560809,0,0,0.0000,0.6,0,L336
nlinear,ETTh1,336,96,2021,0.387929,0.407388,0.674133,32352,64512,0.8546,70.4,5,L336
nlinear,ETTh1,336,96,2022,0.378944,0.400437,0.678599,32352,64512,0.8705,70.4,11,L336
nlinear,ETTh1,336,96,2023,0.385916,0.406139,0.668547,32352,64512,0.8575,70.4,7,L336
dlinear,ETTh1,336,96,2021,0.374680,0.396615,0.652697,64704,129024,0.9952,71.3,10,L336
dlinear,ETTh1,336,96,2022,0.375453,0.397457,0.652834,64704,129024,2.1272,71.3,8,L336
dlinear,ETTh1,336,96,2023,0.376942,0.399646,0.652052,64704,129024,1.0275,71.3,6,L336
rlinear,ETTh1,336,96,2021,0.382447,0.402745,0.678096,32354,64512,0.9168,70.1,5,L336
rlinear,ETTh1,336,96,2022,0.376942,0.397793,0.678160,32354,64512,0.8395,70.1,19,L336
rlinear,ETTh1,336,96,2023,0.377836,0.398967,0.673937,32354,64512,0.8410,70.1,7,L336
fits,ETTh1,336,96,2021,0.398966,0.419385,0.707190,4644,18144,0.9002,70.8,19,L336
fits,ETTh1,336,96,2022,0.398331,0.418853,0.711588,4644,18144,0.9283,70.8,20,L336
fits,ETTh1,336,96,2023,0.398304,0.418907,0.710346,4644,18144,0.9137,70.8,20,L336
freqlite,ETTh1,336,96,2021,0.374240,0.394695,0.672318,64997,185420,1.7590,72.5,6,L336
freqlite,ETTh1,336,96,2022,0.372444,0.394005,0.671845,64997,185420,2.0441,72.5,7,L336
freqlite,ETTh1,336,96,2023,0.373658,0.395085,0.671583,64997,185420,2.1357,72.5,6,L336
patchtst,ETTh1,336,96,2021,0.462893,0.454454,0.785218,328866,0,3.5269,154.1,9,L336
patchtst,ETTh1,336,96,2022,0.381744,0.407561,0.808611,328866,0,3.4418,154.1,4,L336
patchtst,ETTh1,336,96,2023,0.449431,0.441379,0.789488,328866,0,3.4343,154.1,6,L336
naive,ETTh1,336,192,2021,1.324880,0.733101,1.880851,0,0,0.0000,68.1,0,L336
naive,ETTh1,336,192,2022,1.324880,0.733101,1.880851,0,0,0.0000,68.1,0,L336
naive,ETTh1,336,192,2023,1.324880,0.733101,1.880851,0,0,0.0000,68.1,0,L336
nlinear,ETTh1,336,192,2021,0.413590,0.420973,0.923593,64704,129024,0.6811,71.4,9,L336
nlinear,ETTh1,336,192,2022,0.413672,0.420898,0.923868,64704,129024,0.6698,71.4,9,L336
nlinear,ETTh1,336,192,2023,0.412612,0.420150,0.925357,64704,129024,0.6186,71.4,14,L336
dlinear,ETTh1,336,192,2021,0.409746,0.419264,0.873153,129408,258048,0.7503,72.9,7,L336
dlinear,ETTh1,336,192,2022,0.426632,0.437276,0.863747,129408,258048,0.7777,72.9,4,L336
dlinear,ETTh1,336,192,2023,0.416393,0.426633,0.862919,129408,258048,0.7659,72.9,6,L336
rlinear,ETTh1,336,192,2021,0.413434,0.419719,0.919697,64706,129024,0.8739,71.1,6,L336
rlinear,ETTh1,336,192,2022,0.411329,0.418277,0.922230,64706,129024,0.8837,71.1,7,L336
rlinear,ETTh1,336,192,2023,0.410698,0.417738,0.921070,64706,129024,0.8666,71.1,9,L336
fits,ETTh1,336,192,2021,0.429226,0.436342,0.949923,5676,22176,0.8902,71.6,20,L336
fits,ETTh1,336,192,2022,0.429135,0.436115,0.955656,5676,22176,0.8943,71.6,20,L336
fits,ETTh1,336,192,2023,0.429425,0.436489,0.951370,5676,22176,0.8513,71.6,20,L336
freqlite,ETTh1,336,192,2021,0.406040,0.413397,0.916708,129989,314444,1.9648,74.0,9,L336
freqlite,ETTh1,336,192,2022,0.416071,0.423136,0.916577,129989,314444,2.0814,74.0,4,L336
freqlite,ETTh1,336,192,2023,0.407239,0.414228,0.915568,129989,314444,1.9896,74.0,7,L336
patchtst,ETTh1,336,192,2021,0.448040,0.449909,1.134838,587010,0,3.4678,158.4,5,L336
patchtst,ETTh1,336,192,2022,0.437427,0.440292,1.043899,587010,0,3.4336,158.4,4,L336
patchtst,ETTh1,336,192,2023,0.447461,0.445616,1.070077,587010,0,3.3595,158.4,4,L336
naive,ETTh1,336,336,2021,1.329927,0.745972,2.251628,0,0,0.0000,68.6,0,L336
naive,ETTh1,336,336,2022,1.329927,0.745972,2.251628,0,0,0.0000,68.6,0,L336
naive,ETTh1,336,336,2023,1.329927,0.745972,2.251628,0,0,0.0000,68.6,0,L336
nlinear,ETTh1,336,336,2021,0.437571,0.435786,1.164258,113232,225792,0.5862,73.0,8,L336
nlinear,ETTh1,336,336,2022,0.437214,0.435967,1.160492,113232,225792,0.5875,73.0,7,L336
nlinear,ETTh1,336,336,2023,0.440072,0.439106,1.159485,113232,225792,0.5903,73.0,5,L336
dlinear,ETTh1,336,336,2021,0.450971,0.451768,1.059448,226464,451584,1.1887,75.4,5,L336
dlinear,ETTh1,336,336,2022,0.442796,0.444137,1.058864,226464,451584,0.9017,75.4,7,L336
dlinear,ETTh1,336,336,2023,0.465248,0.464921,1.054253,226464,451584,0.6702,75.4,4,L336
rlinear,ETTh1,336,336,2021,0.449894,0.446342,1.155859,113234,225792,0.7562,72.7,4,L336
rlinear,ETTh1,336,336,2022,0.436714,0.434821,1.154394,113234,225792,0.7353,72.7,7,L336
rlinear,ETTh1,336,336,2023,0.439502,0.437969,1.148481,113234,225792,0.7343,72.7,5,L336
fits,ETTh1,336,336,2021,0.451249,0.448198,1.184383,7224,28224,2.0197,72.8,20,L336
fits,ETTh1,336,336,2022,0.451395,0.448165,1.185276,7224,28224,1.9987,72.8,20,L336
fits,ETTh1,336,336,2023,0.450665,0.448118,1.180463,7224,28224,1.6477,72.8,20,L336
freqlite,ETTh1,336,336,2021,0.431510,0.430048,1.148993,227477,507980,2.5435,76.8,8,L336
freqlite,ETTh1,336,336,2022,0.432938,0.431537,1.143803,227477,507980,2.4666,76.8,6,L336
freqlite,ETTh1,336,336,2023,0.431280,0.429983,1.150570,227477,507980,2.4040,76.8,7,L336
patchtst,ETTh1,336,336,2021,0.608105,0.527822,1.465821,974226,0,4.2828,165.1,5,L336
patchtst,ETTh1,336,336,2022,0.491743,0.473625,1.386243,974226,0,4.3955,165.1,4,L336
patchtst,ETTh1,336,336,2023,0.555593,0.508768,1.582313,974226,0,4.3968,165.1,4,L336
naive,ETTh1,336,720,2021,1.335121,0.755045,2.609958,0,0,0.0000,70.0,0,L336
naive,ETTh1,336,720,2022,1.335121,0.755045,2.609958,0,0,0.0000,70.0,0,L336
naive,ETTh1,336,720,2023,1.335121,0.755045,2.609958,0,0,0.0000,70.0,0,L336
nlinear,ETTh1,336,720,2021,0.444038,0.458852,1.438354,242640,483840,0.8227,77.1,12,L336
nlinear,ETTh1,336,720,2022,0.444601,0.459474,1.436977,242640,483840,0.8596,77.1,8,L336
nlinear,ETTh1,336,720,2023,0.443845,0.458788,1.437570,242640,483840,0.8307,77.1,11,L336
dlinear,ETTh1,336,720,2021,0.506069,0.515321,1.217006,485280,967680,0.9104,81.9,4,L336
dlinear,ETTh1,336,720,2022,0.476869,0.492478,1.222668,485280,967680,1.0020,81.9,12,L336
dlinear,ETTh1,336,720,2023,0.480407,0.495767,1.215708,485280,967680,0.9627,81.9,9,L336
rlinear,ETTh1,336,720,2021,0.451956,0.465142,1.422017,242642,483840,1.0148,77.7,5,L336
rlinear,ETTh1,336,720,2022,0.448545,0.462415,1.420555,242642,483840,1.0195,77.7,7,L336
rlinear,ETTh1,336,720,2023,0.447281,0.461373,1.421601,242642,483840,1.1130,77.7,12,L336
fits,ETTh1,336,720,2021,0.447488,0.467339,1.458680,11352,44352,1.3662,76.1,20,L336
fits,ETTh1,336,720,2022,0.445943,0.464899,1.453382,11352,44352,1.3424,76.1,20,L336
fits,ETTh1,336,720,2023,0.447452,0.466842,1.458798,11352,44352,1.2952,76.1,20,L336
freqlite,ETTh1,336,720,2021,0.447318,0.460934,1.416066,487445,1024076,1.9893,85.8,5,L336
freqlite,ETTh1,336,720,2022,0.443056,0.457820,1.414413,487445,1024076,1.7052,85.8,8,L336
freqlite,ETTh1,336,720,2023,0.442771,0.457715,1.416729,487445,1024076,1.5838,85.8,9,L336
patchtst,ETTh1,336,720,2021,0.636597,0.568857,1.699675,2006802,0,3.4095,183.4,6,L336
patchtst,ETTh1,336,720,2022,0.597391,0.541545,1.649996,2006802,0,3.3954,183.4,5,L336
patchtst,ETTh1,336,720,2023,0.655168,0.561305,1.658949,2006802,0,3.4042,183.4,4,L336
naive,ETTh2,336,96,2021,0.431657,0.421621,0.315860,0,0,0.0000,67.8,0,L336
naive,ETTh2,336,96,2022,0.431657,0.421621,0.315860,0,0,0.0000,67.8,0,L336
naive,ETTh2,336,96,2023,0.431657,0.421621,0.315860,0,0,0.0000,67.8,0,L336
nlinear,ETTh2,336,96,2021,0.284202,0.344647,0.212572,32352,64512,0.6264,70.4,7,L336
nlinear,ETTh2,336,96,2022,0.281392,0.343566,0.212837,32352,64512,0.7016,70.4,11,L336
nlinear,ETTh2,336,96,2023,0.282552,0.343924,0.212431,32352,64512,0.6874,70.4,7,L336
dlinear,ETTh2,336,96,2021,0.283012,0.346958,0.212040,64704,129024,0.7673,71.3,7,L336
dlinear,ETTh2,336,96,2022,0.288207,0.352777,0.216493,64704,129024,0.7930,71.3,7,L336
dlinear,ETTh2,336,96,2023,0.284183,0.348781,0.212942,64704,129024,0.8881,71.3,7,L336
rlinear,ETTh2,336,96,2021,0.281165,0.341842,0.208294,32354,64512,1.0208,70.1,7,L336
rlinear,ETTh2,336,96,2022,0.281010,0.342551,0.209132,32354,64512,1.0381,70.1,7,L336
rlinear,ETTh2,336,96,2023,0.281671,0.341605,0.207917,32354,64512,1.0389,70.1,6,L336
fits,ETTh2,336,96,2021,0.284398,0.345221,0.220620,4644,18144,1.0563,70.8,19,L336
fits,ETTh2,336,96,2022,0.285684,0.345797,0.221083,4644,18144,1.0566,70.8,19,L336
fits,ETTh2,336,96,2023,0.285222,0.345812,0.221098,4644,18144,1.0468,70.8,19,L336
freqlite,ETTh2,336,96,2021,0.275133,0.336553,0.204188,64997,185420,1.4872,72.5,7,L336
freqlite,ETTh2,336,96,2022,0.274168,0.336598,0.204950,64997,185420,1.4873,72.5,9,L336
freqlite,ETTh2,336,96,2023,0.275510,0.336575,0.204421,64997,185420,1.4784,72.5,7,L336
patchtst,ETTh2,336,96,2021,0.363382,0.388385,0.233047,328866,0,3.2867,154.1,5,L336
patchtst,ETTh2,336,96,2022,0.332446,0.373240,0.228664,328866,0,3.2492,154.1,4,L336
patchtst,ETTh2,336,96,2023,0.341183,0.382976,0.222131,328866,0,6.0041,154.1,5,L336
naive,ETTh2,336,192,2021,0.533722,0.472538,0.385814,0,0,0.0000,68.1,0,L336
naive,ETTh2,336,192,2022,0.533722,0.472538,0.385814,0,0,0.0000,68.1,0,L336
naive,ETTh2,336,192,2023,0.533722,0.472538,0.385814,0,0,0.0000,68.1,0,L336
nlinear,ETTh2,336,192,2021,0.345011,0.384663,0.279060,64704,129024,1.7680,71.4,9,L336
nlinear,ETTh2,336,192,2022,0.346229,0.385224,0.278822,64704,129024,0.6517,71.4,8,L336
nlinear,ETTh2,336,192,2023,0.350371,0.387193,0.278088,64704,129024,0.6874,71.4,6,L336
dlinear,ETTh2,336,192,2021,0.380131,0.417602,0.297587,129408,258048,0.9249,72.9,8,L336
dlinear,ETTh2,336,192,2022,0.380617,0.415816,0.301095,129408,258048,0.9350,72.9,4,L336
dlinear,ETTh2,336,192,2023,0.395112,0.426001,0.303823,129408,258048,0.9239,72.9,12,L336
rlinear,ETTh2,336,192,2021,0.340920,0.382170,0.274494,64706,129024,1.0418,71.1,9,L336
rlinear,ETTh2,336,192,2022,0.364339,0.393270,0.274433,64706,129024,1.0627,71.1,4,L336
rlinear,ETTh2,336,192,2023,0.341244,0.382265,0.274361,64706,129024,1.0295,71.1,9,L336
fits,ETTh2,336,192,2021,0.344011,0.383056,0.290037,5676,22176,0.9697,71.6,19,L336
fits,ETTh2,336,192,2022,0.344897,0.383866,0.291170,5676,22176,0.9500,71.6,19,L336
fits,ETTh2,336,192,2023,0.344494,0.383473,0.290354,5676,22176,0.9298,71.6,19,L336
freqlite,ETTh2,336,192,2021,0.342007,0.380716,0.267878,129989,314444,1.7224,74.0,6,L336
freqlite,ETTh2,336,192,2022,0.335949,0.377627,0.270176,129989,314444,1.6534,74.0,10,L336
freqlite,ETTh2,336,192,2023,0.340414,0.381629,0.272090,129989,314444,1.7558,74.0,5,L336
patchtst,ETTh2,336,192,2021,0.419955,0.423354,0.313758,587010,0,3.3125,158.4,4,L336
patchtst,ETTh2,336,192,2022,0.452816,0.442997,0.316446,587010,0,3.3291,158.4,6,L336
patchtst,ETTh2,336,192,2023,0.395627,0.419331,0.303000,587010,0,3.3322,158.4,4,L336
naive,ETTh2,336,336,2021,0.597277,0.510865,0.477049,0,0,0.0000,68.6,0,L336
naive,ETTh2,336,336,2022,0.597277,0.510865,0.477049,0,0,0.0000,68.6,0,L336
naive,ETTh2,336,336,2023,0.597277,0.510865,0.477049,0,0,0.0000,68.6,0,L336
nlinear,ETTh2,336,336,2021,0.398194,0.421145,0.367262,113232,225792,0.6468,73.0,5,L336
nlinear,ETTh2,336,336,2022,0.371800,0.409423,0.368060,113232,225792,0.6434,73.0,7,L336
nlinear,ETTh2,336,336,2023,0.383344,0.415237,0.363805,113232,225792,0.6706,73.0,6,L336
dlinear,ETTh2,336,336,2021,0.464075,0.475260,0.407833,226464,451584,0.7696,75.4,4,L336
dlinear,ETTh2,336,336,2022,0.451328,0.465863,0.408804,226464,451584,0.7642,75.4,4,L336
dlinear,ETTh2,336,336,2023,0.454807,0.467076,0.396190,226464,451584,0.8257,75.4,7,L336
rlinear,ETTh2,336,336,2021,0.364612,0.405118,0.362323,113234,225792,0.9707,72.7,8,L336
rlinear,ETTh2,336,336,2022,0.370527,0.407616,0.362417,113234,225792,0.9678,72.7,5,L336
rlinear,ETTh2,336,336,2023,0.371721,0.408943,0.359617,113234,225792,0.9773,72.7,6,L336
fits,ETTh2,336,336,2021,0.364581,0.401674,0.384799,7224,28224,0.9301,72.8,19,L336
fits,ETTh2,336,336,2022,0.363902,0.401301,0.385220,7224,28224,0.9126,72.8,19,L336
fits,ETTh2,336,336,2023,0.363856,0.401110,0.384256,7224,28224,0.9032,72.8,19,L336
freqlite,ETTh2,336,336,2021,0.361597,0.401917,0.357097,227477,507980,1.6370,76.8,7,L336
freqlite,ETTh2,336,336,2022,0.361532,0.401858,0.357586,227477,507980,1.6517,76.8,7,L336
freqlite,ETTh2,336,336,2023,0.362904,0.402544,0.356106,227477,507980,1.6191,76.8,7,L336
patchtst,ETTh2,336,336,2021,0.434927,0.442848,0.396380,974226,0,3.3716,165.1,5,L336
patchtst,ETTh2,336,336,2022,0.425783,0.437664,0.410073,974226,0,3.3391,165.1,4,L336
patchtst,ETTh2,336,336,2023,0.436068,0.438458,0.400495,974226,0,3.3280,165.1,4,L336
naive,ETTh2,336,720,2021,0.594472,0.518991,0.740687,0,0,0.0000,70.0,0,L336
naive,ETTh2,336,720,2022,0.594472,0.518991,0.740687,0,0,0.0000,70.0,0,L336
naive,ETTh2,336,720,2023,0.594472,0.518991,0.740687,0,0,0.0000,70.0,0,L336
nlinear,ETTh2,336,720,2021,0.414724,0.444924,0.610492,242640,483840,0.6362,77.1,4,L336
nlinear,ETTh2,336,720,2022,0.403676,0.441381,0.609708,242640,483840,0.6412,77.1,7,L336
nlinear,ETTh2,336,720,2023,0.402396,0.440931,0.613093,242640,483840,0.6441,77.1,13,L336
dlinear,ETTh2,336,720,2021,0.717472,0.601356,0.673535,485280,967680,0.7516,81.9,6,L336
dlinear,ETTh2,336,720,2022,0.714615,0.599930,0.664458,485280,967680,0.7803,81.9,8,L336
dlinear,ETTh2,336,720,2023,0.669935,0.580578,0.661195,485280,967680,0.7650,81.9,4,L336
rlinear,ETTh2,336,720,2021,0.395900,0.433245,0.607783,242642,483840,0.8355,77.7,9,L336
rlinear,ETTh2,336,720,2022,0.396169,0.433150,0.605583,242642,483840,0.8411,77.7,7,L336
rlinear,ETTh2,336,720,2023,0.397559,0.433635,0.605598,242642,483840,0.8245,77.7,6,L336
fits,ETTh2,336,720,2021,0.391380,0.427000,0.651303,11352,44352,0.9573,76.1,20,L336
fits,ETTh2,336,720,2022,0.390888,0.426719,0.650927,11352,44352,0.9858,76.1,20,L336
fits,ETTh2,336,720,2023,0.391535,0.427160,0.651417,11352,44352,0.9952,76.1,20,L336
freqlite,ETTh2,336,720,2021,0.391594,0.429896,0.604175,487445,1024076,1.6781,85.8,20,L336
freqlite,ETTh2,336,720,2022,0.394882,0.431225,0.603207,487445,1024076,1.6412,85.8,5,L336
freqlite,ETTh2,336,720,2023,0.391945,0.430010,0.603273,487445,1024076,1.6809,85.8,8,L336
patchtst,ETTh2,336,720,2021,0.438481,0.455937,0.658582,2006802,0,3.3977,183.4,4,L336
patchtst,ETTh2,336,720,2022,0.406393,0.439868,0.658193,2006802,0,3.3711,183.4,4,L336
patchtst,ETTh2,336,720,2023,0.418093,0.444598,0.682525,2006802,0,3.3837,183.4,4,L336
naive,ETTm1,336,96,2021,1.213897,0.664785,1.249652,0,0,0.0000,67.8,0,L336
naive,ETTm1,336,96,2022,1.213897,0.664785,1.249652,0,0,0.0000,67.8,0,L336
naive,ETTm1,336,96,2023,1.213897,0.664785,1.249652,0,0,0.0000,67.8,0,L336
nlinear,ETTm1,336,96,2021,0.302889,0.344742,0.390734,32352,64512,2.7664,70.4,8,L336
nlinear,ETTm1,336,96,2022,0.306063,0.348037,0.389657,32352,64512,2.7745,70.4,6,L336
nlinear,ETTm1,336,96,2023,0.305856,0.347816,0.390799,32352,64512,2.8191,70.4,8,L336
dlinear,ETTm1,336,96,2021,0.299964,0.343433,0.380239,64704,129024,3.5441,71.3,9,L336
dlinear,ETTm1,336,96,2022,0.301302,0.344318,0.381058,64704,129024,3.4710,71.3,7,L336
dlinear,ETTm1,336,96,2023,0.299532,0.343562,0.381428,64704,129024,3.2613,71.3,12,L336
rlinear,ETTm1,336,96,2021,0.303292,0.344987,0.389572,32354,64512,3.6755,70.1,7,L336
rlinear,ETTm1,336,96,2022,0.302055,0.344020,0.389153,32354,64512,3.6471,70.1,8,L336
rlinear,ETTm1,336,96,2023,0.309402,0.349744,0.391752,32354,64512,3.7122,70.1,5,L336
fits,ETTm1,336,96,2021,0.303709,0.345712,0.395406,4644,18144,4.0426,70.8,18,L336
fits,ETTm1,336,96,2022,0.303908,0.345854,0.394967,4644,18144,3.9465,70.8,7,L336
fits,ETTm1,336,96,2023,0.303344,0.345771,0.395028,4644,18144,3.8765,70.8,7,L336
freqlite,ETTm1,336,96,2021,0.301552,0.343382,0.386994,64997,185420,7.0397,72.5,9,L336
freqlite,ETTm1,336,96,2022,0.303579,0.344721,0.387902,64997,185420,6.9547,72.5,7,L336
freqlite,ETTm1,336,96,2023,0.300940,0.343076,0.388516,64997,185420,7.3066,72.5,9,L336
patchtst,ETTm1,336,96,2021,0.313854,0.358883,0.391209,328866,0,14.1054,154.1,9,L336
patchtst,ETTm1,336,96,2022,0.288445,0.343849,0.373039,328866,0,14.1335,154.1,5,L336
patchtst,ETTm1,336,96,2023,0.304921,0.354388,0.392966,328866,0,14.0625,154.1,7,L336
naive,ETTm1,336,192,2021,1.261195,0.690363,1.365940,0,0,0.0000,68.1,0,L336
naive,ETTm1,336,192,2022,1.261195,0.690363,1.365940,0,0,0.0000,68.1,0,L336
naive,ETTm1,336,192,2023,1.261195,0.690363,1.365940,0,0,0.0000,68.1,0,L336
nlinear,ETTm1,336,192,2021,0.339892,0.367324,0.506452,64704,129024,3.3085,71.4,9,L336
nlinear,ETTm1,336,192,2022,0.346754,0.373381,0.505588,64704,129024,3.3211,71.4,5,L336
nlinear,ETTm1,336,192,2023,0.342165,0.369283,0.507435,64704,129024,3.2904,71.4,6,L336
dlinear,ETTm1,336,192,2021,0.338577,0.367903,0.487997,129408,258048,3.5146,72.9,6,L336
dlinear,ETTm1,336,192,2022,0.335184,0.364999,0.488574,129408,258048,3.4889,72.9,8,L336
dlinear,ETTm1,336,192,2023,0.338577,0.371558,0.486184,129408,258048,3.3355,72.9,6,L336
rlinear,ETTm1,336,192,2021,0.336688,0.364343,0.507185,64706,129024,4.2475,71.1,20,L336
rlinear,ETTm1,336,192,2022,0.341233,0.368869,0.506389,64706,129024,4.3761,71.1,5,L336
rlinear,ETTm1,336,192,2023,0.336977,0.364534,0.506296,64706,129024,4.3179,71.1,10,L336
fits,ETTm1,336,192,2021,0.338258,0.365719,0.511621,5676,22176,3.7258,71.6,7,L336
fits,ETTm1,336,192,2022,0.337875,0.365485,0.511388,5676,22176,3.8817,71.6,18,L336
fits,ETTm1,336,192,2023,0.338492,0.365724,0.511059,5676,22176,4.7579,71.6,6,L336
freqlite,ETTm1,336,192,2021,0.341613,0.367524,0.502992,129989,314444,8.0693,74.0,6,L336
freqlite,ETTm1,336,192,2022,0.344759,0.371496,0.507410,129989,314444,7.4137,74.0,4,L336
freqlite,ETTm1,336,192,2023,0.336469,0.363894,0.506193,129989,314444,6.3921,74.0,8,L336
patchtst,ETTm1,336,192,2021,0.346261,0.382668,0.502272,587010,0,14.3359,158.4,5,L336
patchtst,ETTm1,336,192,2022,0.346036,0.383179,0.521188,587010,0,14.6056,158.4,6,L336
patchtst,ETTm1,336,192,2023,0.343656,0.377443,0.506381,587010,0,14.0491,158.4,4,L336
naive,ETTm1,336,336,2021,1.286579,0.707238,1.510174,0,0,0.0000,68.6,0,L336
naive,ETTm1,336,336,2022,1.286579,0.707238,1.510174,0,0,0.0000,68.6,0,L336
naive,ETTm1,336,336,2023,1.286579,0.707238,1.510174,0,0,0.0000,68.6,0,L336
nlinear,ETTm1,336,336,2021,0.375273,0.387267,0.651258,113232,225792,2.7175,73.0,7,L336
nlinear,ETTm1,336,336,2022,0.373298,0.386273,0.650741,113232,225792,3.0138,73.0,10,L336
nlinear,ETTm1,336,336,2023,0.372275,0.385362,0.652119,113232,225792,3.3297,73.0,10,L336
dlinear,ETTm1,336,336,2021,0.371735,0.389244,0.611393,226464,451584,3.8768,75.4,7,L336
dlinear,ETTm1,336,336,2022,0.372085,0.390214,0.607732,226464,451584,3.7088,75.4,7,L336
dlinear,ETTm1,336,336,2023,0.370985,0.389097,0.611141,226464,451584,3.2167,75.4,8,L336
rlinear,ETTm1,336,336,2021,0.373537,0.386119,0.651698,113234,225792,3.4912,72.7,7,L336
rlinear,ETTm1,336,336,2022,0.373588,0.386409,0.651479,113234,225792,3.5147,72.7,6,L336
rlinear,ETTm1,336,336,2023,0.372350,0.385172,0.650672,113234,225792,3.7654,72.7,9,L336
fits,ETTm1,336,336,2021,0.372278,0.384959,0.655977,7224,28224,4.6600,72.8,17,L336
fits,ETTm1,336,336,2022,0.372202,0.384935,0.655735,7224,28224,3.9883,72.8,18,L336
fits,ETTm1,336,336,2023,0.372206,0.384953,0.655569,7224,28224,4.1327,72.8,17,L336
freqlite,ETTm1,336,336,2021,0.372360,0.384085,0.650775,227477,507980,8.5377,76.8,7,L336
freqlite,ETTm1,336,336,2022,0.372647,0.385123,0.648462,227477,507980,7.0222,76.8,7,L336
freqlite,ETTm1,336,336,2023,0.371185,0.384050,0.649846,227477,507980,6.7061,76.8,9,L336
patchtst,ETTm1,336,336,2021,0.368668,0.394258,0.639581,974226,0,14.5213,165.1,4,L336
patchtst,ETTm1,336,336,2022,0.386105,0.404174,0.662282,974226,0,14.5554,165.1,4,L336
patchtst,ETTm1,336,336,2023,0.387964,0.404666,0.675532,974226,0,14.1993,165.1,4,L336
naive,ETTm1,336,720,2021,1.322312,0.729468,1.832082,0,0,0.0000,70.0,0,L336
naive,ETTm1,336,720,2022,1.322312,0.729468,1.832082,0,0,0.0000,70.0,0,L336
naive,ETTm1,336,720,2023,1.322312,0.729468,1.832082,0,0,0.0000,70.0,0,L336
nlinear,ETTm1,336,720,2021,0.429649,0.418208,0.961800,242640,483840,2.7539,77.1,9,L336
nlinear,ETTm1,336,720,2022,0.433949,0.421058,0.962582,242640,483840,2.9229,77.1,6,L336
nlinear,ETTm1,336,720,2023,0.429272,0.418453,0.960500,242640,483840,3.3607,77.1,9,L336
dlinear,ETTm1,336,720,2021,0.426149,0.422140,0.861249,485280,967680,3.8880,81.9,7,L336
dlinear,ETTm1,336,720,2022,0.424715,0.420329,0.864203,485280,967680,3.8750,81.9,10,L336
dlinear,ETTm1,336,720,2023,0.432495,0.430892,0.850567,485280,967680,3.3673,81.9,5,L336
rlinear,ETTm1,336,720,2021,0.429021,0.417512,0.961007,242642,483840,3.7829,77.7,9,L336
rlinear,ETTm1,336,720,2022,0.433975,0.419546,0.962283,242642,483840,3.7440,77.7,6,L336
rlinear,ETTm1,336,720,2023,0.429295,0.417392,0.960900,242642,483840,3.7876,77.7,8,L336
fits,ETTm1,336,720,2021,0.427541,0.416351,0.963891,11352,44352,4.7163,76.1,17,L336
fits,ETTm1,336,720,2022,0.427525,0.416356,0.963894,11352,44352,4.1549,76.1,17,L336
fits,ETTm1,336,720,2023,0.427525,0.416325,0.963746,11352,44352,4.3823,76.1,17,L336
freqlite,ETTm1,336,720,2021,0.428795,0.417412,0.960365,487445,1024076,8.5885,85.8,7,L336
freqlite,ETTm1,336,720,2022,0.427895,0.416393,0.960198,487445,1024076,7.2907,85.8,10,L336
freqlite,ETTm1,336,720,2023,0.427556,0.416295,0.959992,487445,1024076,7.2579,85.8,9,L336
patchtst,ETTm1,336,720,2021,0.432247,0.439096,1.015452,2006802,0,15.2123,183.4,4,L336
patchtst,ETTm1,336,720,2022,0.434546,0.439253,1.011142,2006802,0,15.0927,183.4,5,L336
patchtst,ETTm1,336,720,2023,0.420692,0.429161,0.995388,2006802,0,15.0349,183.4,4,L336
naive,ETTm2,336,96,2021,0.266462,0.327765,0.206417,0,0,0.0000,67.8,0,L336
naive,ETTm2,336,96,2022,0.266462,0.327765,0.206417,0,0,0.0000,67.8,0,L336
naive,ETTm2,336,96,2023,0.266462,0.327765,0.206417,0,0,0.0000,67.8,0,L336
nlinear,ETTm2,336,96,2021,0.166958,0.256837,0.118223,32352,64512,182.6570,70.4,9,L336
nlinear,ETTm2,336,96,2022,0.167999,0.257187,0.118272,32352,64512,20.2854,70.4,7,L336
nlinear,ETTm2,336,96,2023,0.166795,0.256731,0.118244,32352,64512,3.5906,70.4,13,L336
dlinear,ETTm2,336,96,2021,0.166890,0.262398,0.118895,64704,129024,4.1826,71.3,7,L336
dlinear,ETTm2,336,96,2022,0.170067,0.265883,0.119143,64704,129024,4.8412,71.3,7,L336
dlinear,ETTm2,336,96,2023,0.169977,0.265723,0.118610,64704,129024,3.8188,71.3,7,L336
rlinear,ETTm2,336,96,2021,0.165846,0.255342,0.117591,32354,64512,4.1564,70.1,9,L336
rlinear,ETTm2,336,96,2022,0.165829,0.255214,0.117580,32354,64512,3.7147,70.1,10,L336
rlinear,ETTm2,336,96,2023,0.165756,0.255315,0.117708,32354,64512,3.5639,70.1,14,L336
fits,ETTm2,336,96,2021,0.166939,0.256354,0.117906,4644,18144,3.9688,70.8,19,L336
fits,ETTm2,336,96,2022,0.167049,0.256359,0.117938,4644,18144,4.1591,70.8,18,L336
fits,ETTm2,336,96,2023,0.167350,0.256382,0.117860,4644,18144,3.5485,70.8,6,L336
freqlite,ETTm2,336,96,2021,0.164283,0.252969,0.116362,64997,185420,6.3189,72.5,9,L336
freqlite,ETTm2,336,96,2022,0.163273,0.252292,0.116072,64997,185420,8.0750,72.5,7,L336
freqlite,ETTm2,336,96,2023,0.164622,0.253035,0.116274,64997,185420,8.7169,72.5,7,L336
patchtst,ETTm2,336,96,2021,0.179459,0.262899,0.128796,328866,0,13.7177,154.1,5,L336
patchtst,ETTm2,336,96,2022,0.175022,0.262793,0.128633,328866,0,14.1520,154.1,6,L336
patchtst,ETTm2,336,96,2023,0.176079,0.261303,0.125512,328866,0,14.2651,154.1,6,L336
naive,ETTm2,336,192,2021,0.340000,0.370673,0.252151,0,0,0.0000,68.1,0,L336
naive,ETTm2,336,192,2022,0.340000,0.370673,0.252151,0,0,0.0000,68.1,0,L336
naive,ETTm2,336,192,2023,0.340000,0.370673,0.252151,0,0,0.0000,68.1,0,L336
nlinear,ETTm2,336,192,2021,0.222162,0.294211,0.157564,64704,129024,2.6135,71.4,15,L336
nlinear,ETTm2,336,192,2022,0.221691,0.293875,0.157438,64704,129024,2.6868,71.4,11,L336
nlinear,ETTm2,336,192,2023,0.221350,0.293749,0.157421,64704,129024,3.2032,71.4,11,L336
dlinear,ETTm2,336,192,2021,0.229341,0.307214,0.160576,129408,258048,3.9846,72.9,5,L336
dlinear,ETTm2,336,192,2022,0.234753,0.316423,0.162878,129408,258048,3.8104,72.9,10,L336
dlinear,ETTm2,336,192,2023,0.222561,0.299284,0.156739,129408,258048,3.5074,72.9,7,L336
rlinear,ETTm2,336,192,2021,0.220779,0.292418,0.157243,64706,129024,3.9463,71.1,9,L336
rlinear,ETTm2,336,192,2022,0.221326,0.292367,0.157231,64706,129024,4.0255,71.1,9,L336
rlinear,ETTm2,336,192,2023,0.220684,0.292447,0.157373,64706,129024,4.2935,71.1,10,L336
fits,ETTm2,336,192,2021,0.222195,0.292943,0.157418,5676,22176,4.6531,71.6,17,L336
fits,ETTm2,336,192,2022,0.222059,0.292771,0.157405,5676,22176,3.6618,71.6,17,L336
fits,ETTm2,336,192,2023,0.222013,0.292808,0.157311,5676,22176,4.3496,71.6,19,L336
freqlite,ETTm2,336,192,2021,0.219345,0.290638,0.155963,129989,314444,7.0419,74.0,20,L336
freqlite,ETTm2,336,192,2022,0.219381,0.290492,0.155888,129989,314444,8.2534,74.0,9,L336
freqlite,ETTm2,336,192,2023,0.219618,0.290391,0.155755,129989,314444,7.6145,74.0,10,L336
patchtst,ETTm2,336,192,2021,0.247919,0.312997,0.177673,587010,0,1141.6920,158.4,5,L336
patchtst,ETTm2,336,192,2022,0.232075,0.303180,0.177863,587010,0,14.2903,158.4,4,L336
patchtst,ETTm2,336,192,2023,0.248301,0.308072,0.176075,587010,0,14.5270,158.4,5,L336
naive,ETTm2,336,336,2021,0.412055,0.409911,0.303116,0,0,0.0000,68.6,0,L336
naive,ETTm2,336,336,2022,0.412055,0.409911,0.303116,0,0,0.0000,68.6,0,L336
naive,ETTm2,336,336,2023,0.412055,0.409911,0.303116,0,0,0.0000,68.6,0,L336
nlinear,ETTm2,336,336,2021,0.276030,0.329308,0.200499,113232,225792,3.3922,73.0,11,L336
nlinear,ETTm2,336,336,2022,0.276136,0.329442,0.200587,113232,225792,3.2682,73.0,12,L336
nlinear,ETTm2,336,336,2023,0.276409,0.329140,0.200281,113232,225792,2.7820,73.0,8,L336
dlinear,ETTm2,336,336,2021,0.309843,0.370010,0.217043,226464,451584,3.3804,75.4,9,L336
dlinear,ETTm2,336,336,2022,0.278961,0.337044,0.201632,226464,451584,3.1447,75.4,6,L336
dlinear,ETTm2,336,336,2023,0.324223,0.379363,0.222724,226464,451584,3.1127,75.4,4,L336
rlinear,ETTm2,336,336,2021,0.274611,0.327346,0.200545,113234,225792,4.3577,72.7,9,L336
rlinear,ETTm2,336,336,2022,0.274531,0.327670,0.200721,113234,225792,4.5275,72.7,13,L336
rlinear,ETTm2,336,336,2023,0.274811,0.327369,0.200528,113234,225792,4.3701,72.7,8,L336
fits,ETTm2,336,336,2021,0.274880,0.327051,0.200371,7224,28224,4.1905,72.8,17,L336
fits,ETTm2,336,336,2022,0.274952,0.327000,0.200442,7224,28224,4.7098,72.8,17,L336
fits,ETTm2,336,336,2023,0.274920,0.327094,0.200423,7224,28224,4.4815,72.8,17,L336
freqlite,ETTm2,336,336,2021,0.275245,0.326300,0.199111,227477,507980,7.0289,76.8,5,L336
freqlite,ETTm2,336,336,2022,0.273664,0.325664,0.198815,227477,507980,7.9703,76.8,9,L336
freqlite,ETTm2,336,336,2023,0.272779,0.325278,0.199105,227477,507980,8.3921,76.8,9,L336
patchtst,ETTm2,336,336,2021,0.300359,0.342656,0.221209,974226,0,14.2856,165.1,4,L336
patchtst,ETTm2,336,336,2022,0.317049,0.354862,0.222543,974226,0,14.7944,165.1,5,L336
patchtst,ETTm2,336,336,2023,0.313165,0.351959,0.235553,974226,0,14.6555,165.1,6,L336
naive,ETTm2,336,720,2021,0.521559,0.465622,0.381235,0,0,0.0000,70.0,0,L336
naive,ETTm2,336,720,2022,0.521559,0.465622,0.381235,0,0,0.0000,70.0,0,L336
naive,ETTm2,336,720,2023,0.521559,0.465622,0.381235,0,0,0.0000,70.0,0,L336
nlinear,ETTm2,336,720,2021,0.370558,0.386062,0.266225,242640,483840,2.7082,77.1,9,L336
nlinear,ETTm2,336,720,2022,0.370693,0.386192,0.266216,242640,483840,2.6808,77.1,9,L336
nlinear,ETTm2,336,720,2023,0.370413,0.386093,0.266276,242640,483840,2.7528,77.1,10,L336
dlinear,ETTm2,336,720,2021,0.446999,0.451943,0.308185,485280,967680,3.9150,81.9,4,L336
dlinear,ETTm2,336,720,2022,0.413577,0.431694,0.291152,485280,967680,3.9754,81.9,6,L336
dlinear,ETTm2,336,720,2023,0.431482,0.444545,0.299195,485280,967680,3.8839,81.9,7,L336
rlinear,ETTm2,336,720,2021,0.368788,0.384203,0.266264,242642,483840,4.2058,77.7,11,L336
rlinear,ETTm2,336,720,2022,0.369086,0.384338,0.266166,242642,483840,4.0172,77.7,9,L336
rlinear,ETTm2,336,720,2023,0.368830,0.384199,0.266310,242642,483840,3.9936,77.7,10,L336
fits,ETTm2,336,720,2021,0.368288,0.382857,0.266338,11352,44352,4.7418,76.1,17,L336
fits,ETTm2,336,720,2022,0.368328,0.382852,0.266430,11352,44352,4.4046,76.1,17,L336
fits,ETTm2,336,720,2023,0.368383,0.382946,0.266445,11352,44352,46.1767,76.1,17,L336
freqlite,ETTm2,336,720,2021,0.369540,0.383642,0.264847,487445,1024076,8.7867,85.8,5,L336
freqlite,ETTm2,336,720,2022,0.367055,0.382193,0.264825,487445,1024076,7.9600,85.8,10,L336
freqlite,ETTm2,336,720,2023,0.367314,0.382005,0.264744,487445,1024076,6.6747,85.8,7,L336
patchtst,ETTm2,336,720,2021,0.393663,0.407724,0.287512,2006802,0,15.1981,183.4,4,L336
patchtst,ETTm2,336,720,2022,0.379599,0.394867,0.278282,2006802,0,15.2844,183.4,4,L336
patchtst,ETTm2,336,720,2023,0.387662,0.406048,0.275871,2006802,0,15.1865,183.4,5,L336
naive,weather,336,96,2021,0.259125,0.254221,0.890019,0,0,0.0000,69.0,0,L336
naive,weather,336,96,2022,0.259125,0.254221,0.890019,0,0,0.0000,69.0,0,L336
naive,weather,336,96,2023,0.259125,0.254221,0.890019,0,0,0.0000,69.0,0,L336
nlinear,weather,336,96,2021,0.173180,0.222707,0.436868,32352,64512,3.0113,73.8,11,L336
nlinear,weather,336,96,2022,0.174954,0.225678,0.437104,32352,64512,3.7053,73.8,7,L336
nlinear,weather,336,96,2023,0.173021,0.222153,0.437043,32352,64512,3.8899,73.8,11,L336
dlinear,weather,336,96,2021,0.174003,0.234758,0.423894,64704,129024,4.4452,75.5,8,L336
dlinear,weather,336,96,2022,0.173657,0.233949,0.424308,64704,129024,3.6809,75.5,9,L336
dlinear,weather,336,96,2023,0.174310,0.235491,0.423097,64704,129024,3.4241,75.5,9,L336
rlinear,weather,336,96,2021,0.174266,0.223910,0.436699,32354,64512,4.0448,74.3,11,L336
rlinear,weather,336,96,2022,0.174454,0.224161,0.436977,32354,64512,4.6104,74.3,12,L336
rlinear,weather,336,96,2023,0.175233,0.224991,0.436811,32354,64512,4.8294,74.3,8,L336
fits,weather,336,96,2021,0.176305,0.227574,0.441884,4644,18144,4.6676,78.0,13,L336
fits,weather,336,96,2022,0.176316,0.227580,0.441873,4644,18144,4.3086,78.0,19,L336
fits,weather,336,96,2023,0.176386,0.227703,0.441923,4644,18144,5.0193,78.0,10,L336
freqlite,weather,336,96,2021,0.174404,0.224073,0.436871,64997,185420,8.0025,81.2,12,L336
freqlite,weather,336,96,2022,0.173878,0.223658,0.436608,64997,185420,7.2435,81.2,8,L336
freqlite,weather,336,96,2023,0.174024,0.223188,0.436156,64997,185420,8.8928,81.2,8,L336
patchtst,weather,336,96,2021,0.149217,0.197940,0.393086,328866,0,37.4654,315.8,8,L336
patchtst,weather,336,96,2022,0.149165,0.196725,0.404523,328866,0,37.5216,315.8,10,L336
patchtst,weather,336,96,2023,0.147407,0.195031,0.408680,328866,0,37.4793,315.8,5,L336
naive,weather,336,192,2021,0.309216,0.291750,0.928036,0,0,0.0000,70.1,0,L336
naive,weather,336,192,2022,0.309216,0.291750,0.928036,0,0,0.0000,70.1,0,L336
naive,weather,336,192,2023,0.309216,0.291750,0.928036,0,0,0.0000,70.1,0,L336
nlinear,weather,336,192,2021,0.217700,0.260853,0.505797,64704,129024,3.6899,75.9,9,L336
nlinear,weather,336,192,2022,0.217187,0.260165,0.505789,64704,129024,3.6635,75.9,9,L336
nlinear,weather,336,192,2023,0.217545,0.260246,0.505937,64704,129024,3.4281,75.9,14,L336
dlinear,weather,336,192,2021,0.216259,0.275472,0.481252,129408,258048,62.3809,78.4,9,L336
dlinear,weather,336,192,2022,0.217205,0.276705,0.482160,129408,258048,3.7440,78.4,6,L336
dlinear,weather,336,192,2023,0.216145,0.273475,0.482286,129408,258048,4.1599,78.4,7,L336
rlinear,weather,336,192,2021,0.217529,0.260076,0.504311,64706,129024,7.0276,76.2,9,L336
rlinear,weather,336,192,2022,0.217815,0.260381,0.504482,64706,129024,4.2122,76.2,9,L336
rlinear,weather,336,192,2023,0.218022,0.260278,0.504606,64706,129024,3.9620,76.2,8,L336
fits,weather,336,192,2021,0.219355,0.262589,0.508632,5676,22176,4.2696,80.4,16,L336
fits,weather,336,192,2022,0.219279,0.262525,0.508604,5676,22176,4.9859,80.4,9,L336
fits,weather,336,192,2023,0.219215,0.262503,0.508554,5676,22176,5.0864,80.4,8,L336
freqlite,weather,336,192,2021,0.217126,0.259367,0.504033,129989,314444,7.4154,83.6,7,L336
freqlite,weather,336,192,2022,0.217856,0.260330,0.504639,129989,314444,7.0850,83.6,9,L336
freqlite,weather,336,192,2023,0.217805,0.260664,0.504882,129989,314444,9.0995,83.6,6,L336
patchtst,weather,336,192,2021,0.196487,0.241913,0.467070,587010,0,37.8098,321.1,5,L336
patchtst,weather,336,192,2022,0.195871,0.241927,0.467915,587010,0,37.8803,320.5,6,L336
patchtst,weather,336,192,2023,0.192784,0.239573,0.469180,587010,0,37.8269,320.5,5,L336
naive,weather,336,336,2021,0.376412,0.337716,1.043232,0,0,0.0000,71.6,0,L336
naive,weather,336,336,2022,0.376412,0.337716,1.043232,0,0,0.0000,71.6,0,L336
naive,weather,336,336,2023,0.376412,0.337716,1.043232,0,0,0.0000,71.6,0,L336
nlinear,weather,336,336,2021,0.265594,0.295756,0.586248,113232,225792,3.2935,79.0,13,L336
nlinear,weather,336,336,2022,0.265677,0.295815,0.586314,113232,225792,3.9095,79.0,14,L336
nlinear,weather,336,336,2023,0.265416,0.295498,0.586197,113232,225792,3.8093,79.0,11,L336
dlinear,weather,336,336,2021,0.261716,0.312933,0.543855,226464,451584,3.5969,82.6,7,L336
dlinear,weather,336,336,2022,0.260526,0.309896,0.546272,226464,451584,3.6231,82.6,13,L336
dlinear,weather,336,336,2023,0.262952,0.315182,0.543914,226464,451584,3.6273,82.6,8,L336
rlinear,weather,336,336,2021,0.265226,0.294814,0.583767,113234,225792,4.9778,79.8,11,L336
rlinear,weather,336,336,2022,0.265257,0.294827,0.583862,113234,225792,5.1014,79.8,12,L336
rlinear,weather,336,336,2023,0.265213,0.294805,0.583558,113234,225792,4.1213,79.8,8,L336
fits,weather,336,336,2021,0.266599,0.296648,0.587685,7224,28224,4.4857,84.0,17,L336
fits,weather,336,336,2022,0.266625,0.296664,0.587619,7224,28224,5.1288,84.0,17,L336
fits,weather,336,336,2023,0.266573,0.296756,0.587651,7224,28224,4.8334,84.0,6,L336
freqlite,weather,336,336,2021,0.265524,0.294827,0.583750,227477,507980,7.3717,89.8,6,L336
freqlite,weather,336,336,2022,0.265177,0.294791,0.583441,227477,507980,7.2999,89.8,8,L336
freqlite,weather,336,336,2023,0.265285,0.294902,0.583781,227477,507980,9.7156,89.8,10,L336
patchtst,weather,336,336,2021,0.246437,0.282636,0.541813,974226,0,38.4684,328.0,5,L336
patchtst,weather,336,336,2022,0.247902,0.278978,0.552586,974226,0,38.5583,327.7,4,L336
patchtst,weather,336,336,2023,0.249642,0.287890,0.554005,974226,0,38.5119,327.7,6,L336
naive,weather,336,720,2021,0.465200,0.393520,1.229541,0,0,0.0000,75.8,0,L336
naive,weather,336,720,2022,0.465200,0.393520,1.229541,0,0,0.0000,75.8,0,L336
naive,weather,336,720,2023,0.465200,0.393520,1.229541,0,0,0.0000,75.8,0,L336
nlinear,weather,336,720,2021,0.334280,0.344055,0.684329,242640,483840,3.8690,87.3,10,L336
nlinear,weather,336,720,2022,0.334515,0.344361,0.684782,242640,483840,3.8899,87.3,12,L336
nlinear,weather,336,720,2023,0.334704,0.344522,0.684781,242640,483840,3.6993,87.3,13,L336
dlinear,weather,336,720,2021,0.337411,0.380996,0.612174,485280,967680,3.8986,94.9,4,L336
dlinear,weather,336,720,2022,0.337222,0.380817,0.618952,485280,967680,3.8686,94.9,4,L336
dlinear,weather,336,720,2023,0.325117,0.364997,0.618209,485280,967680,3.9086,94.9,7,L336
rlinear,weather,336,720,2021,0.333236,0.342009,0.681010,242642,483840,4.3474,91.1,10,L336
rlinear,weather,336,720,2022,0.333210,0.341998,0.681390,242642,483840,5.3234,91.1,10,L336
rlinear,weather,336,720,2023,0.333856,0.342694,0.681021,242642,483840,5.2959,91.1,8,L336
fits,weather,336,720,2021,0.334342,0.343353,0.684530,11352,44352,4.4089,96.3,14,L336
fits,weather,336,720,2022,0.334302,0.343398,0.684490,11352,44352,4.3868,96.3,9,L336
fits,weather,336,720,2023,0.334391,0.343430,0.684558,11352,44352,5.6079,96.3,17,L336
freqlite,weather,336,720,2021,0.333307,0.342047,0.681379,487445,1024076,7.9940,108.6,13,L336
freqlite,weather,336,720,2022,0.333721,0.342520,0.681302,487445,1024076,8.6552,108.6,9,L336
freqlite,weather,336,720,2023,0.333165,0.341926,0.681017,487445,1024076,9.1447,108.6,10,L336
patchtst,weather,336,720,2021,0.321687,0.332827,0.645091,2006802,0,40.1504,350.7,5,L336
patchtst,weather,336,720,2022,0.329149,0.339361,0.655726,2006802,0,40.1038,350.1,5,L336
patchtst,weather,336,720,2023,0.337571,0.345227,0.661707,2006802,0,40.1191,350.1,6,L336
naive,ETTh1,96,96,2021,1.294371,0.713181,1.560809,0,0,0.0000,0.4,0,L96
naive,ETTh1,96,96,2022,1.294371,0.713181,1.560809,0,0,0.0000,0.4,0,L96
naive,ETTh1,96,96,2023,1.294371,0.713181,1.560809,0,0,0.0000,0.4,0,L96
nlinear,ETTh1,96,96,2021,0.394883,0.403497,0.705974,9312,18432,0.6540,69.2,9,L96
nlinear,ETTh1,96,96,2022,0.400610,0.409019,0.708254,9312,18432,0.5619,69.2,5,L96
nlinear,ETTh1,96,96,2023,0.399202,0.407410,0.707281,9312,18432,0.6227,69.2,6,L96
dlinear,ETTh1,96,96,2021,0.386808,0.398826,0.664466,18624,36864,0.7821,69.5,9,L96
dlinear,ETTh1,96,96,2022,0.392000,0.407070,0.660831,18624,36864,0.6900,69.5,5,L96
dlinear,ETTh1,96,96,2023,0.392525,0.406396,0.659690,18624,36864,0.6311,69.5,5,L96
rlinear,ETTh1,96,96,2021,0.390801,0.398686,0.706922,9314,18432,0.7277,69.1,19,L96
rlinear,ETTh1,96,96,2022,0.391059,0.398917,0.707490,9314,18432,0.7506,69.1,20,L96
rlinear,ETTh1,96,96,2023,0.390956,0.398849,0.707108,9314,18432,0.7759,69.1,20,L96
fits,ETTh1,96,96,2021,0.407822,0.417026,0.735922,624,2304,0.8450,68.7,20,L96
fits,ETTh1,96,96,2022,0.409507,0.417493,0.733253,624,2304,0.8001,68.7,20,L96
fits,ETTh1,96,96,2023,0.408329,0.416653,0.732285,624,2304,1.0105,68.7,20,L96
freqlite,ETTh1,96,96,2021,0.386603,0.394444,0.699835,18917,49507,2.0757,69.6,7,L96
freqlite,ETTh1,96,96,2022,0.387518,0.395226,0.700246,18917,49507,2.0455,69.6,6,L96
freqlite,ETTh1,96,96,2023,0.385873,0.393802,0.701572,18917,49507,2.0431,69.6,20,L96
patchtst,ETTh1,96,96,2021,0.376803,0.395746,0.688518,142626,0,3.7540,103.6,4,L96
patchtst,ETTh1,96,96,2022,0.378084,0.396054,0.691456,142626,0,3.1342,103.6,5,L96
patchtst,ETTh1,96,96,2023,0.372628,0.396522,0.702952,142626,0,3.0405,103.6,5,L96
naive,ETTh1,96,192,2021,1.324880,0.733101,1.880851,0,0,0.0000,67.9,0,L96
naive,ETTh1,96,192,2022,1.324880,0.733101,1.880851,0,0,0.0000,67.9,0,L96
naive,ETTh1,96,192,2023,1.324880,0.733101,1.880851,0,0,0.0000,67.9,0,L96
nlinear,ETTh1,96,192,2021,0.444843,0.432020,1.006336,18624,36864,0.6532,69.8,9,L96
nlinear,ETTh1,96,192,2022,0.446559,0.432921,1.006582,18624,36864,0.6790,69.8,7,L96
nlinear,ETTh1,96,192,2023,0.447674,0.433984,1.006181,18624,36864,0.7703,69.8,7,L96
dlinear,ETTh1,96,192,2021,0.438038,0.431582,0.904938,37248,73728,0.8571,70.4,7,L96
dlinear,ETTh1,96,192,2022,0.437977,0.431638,0.903454,37248,73728,0.8567,70.4,8,L96
dlinear,ETTh1,96,192,2023,0.443216,0.438156,0.898861,37248,73728,0.8884,70.4,5,L96
rlinear,ETTh1,96,192,2021,0.441947,0.427974,1.005208,18626,36864,0.9171,69.8,20,L96
rlinear,ETTh1,96,192,2022,0.442094,0.428021,1.005181,18626,36864,0.8905,69.8,20,L96
rlinear,ETTh1,96,192,2023,0.443633,0.429732,1.004678,18626,36864,0.8645,69.8,6,L96
fits,ETTh1,96,192,2021,0.458902,0.445361,1.034588,936,3456,1.1182,69.5,20,L96
fits,ETTh1,96,192,2022,0.459855,0.446729,1.036192,936,3456,1.1094,69.5,20,L96
fits,ETTh1,96,192,2023,0.457231,0.444555,1.030766,936,3456,1.1199,69.5,20,L96
freqlite,ETTh1,96,192,2021,0.437585,0.423573,0.999307,37829,86371,2.1799,70.8,8,L96
freqlite,ETTh1,96,192,2022,0.437272,0.423484,0.999721,37829,86371,2.1641,70.8,9,L96
freqlite,ETTh1,96,192,2023,0.437187,0.423341,0.999840,37829,86371,1.7002,70.8,16,L96
patchtst,ETTh1,96,192,2021,0.441825,0.432576,1.001647,216450,0,3.0155,105.0,4,L96
patchtst,ETTh1,96,192,2022,0.442088,0.435195,1.002017,216450,0,2.9244,105.0,4,L96
patchtst,ETTh1,96,192,2023,0.441661,0.439368,1.020723,216450,0,2.9954,105.0,10,L96
naive,ETTh1,96,336,2021,1.329927,0.745972,2.251628,0,0,0.0000,68.4,0,L96
naive,ETTh1,96,336,2022,1.329927,0.745972,2.251628,0,0,0.0000,68.4,0,L96
naive,ETTh1,96,336,2023,1.329927,0.745972,2.251628,0,0,0.0000,68.4,0,L96
nlinear,ETTh1,96,336,2021,0.487399,0.453625,1.295884,32592,64512,0.6637,70.8,8,L96
nlinear,ETTh1,96,336,2022,0.489495,0.455554,1.296494,32592,64512,0.6951,70.8,6,L96
nlinear,ETTh1,96,336,2023,0.486716,0.452871,1.296633,32592,64512,0.7486,70.8,20,L96
dlinear,ETTh1,96,336,2021,0.488374,0.465915,1.094382,65184,129024,0.9397,71.7,6,L96
dlinear,ETTh1,96,336,2022,0.489918,0.466543,1.099340,65184,129024,0.9507,71.7,5,L96
dlinear,ETTh1,96,336,2023,0.483138,0.459559,1.109447,65184,129024,0.9382,71.7,8,L96
rlinear,ETTh1,96,336,2021,0.485578,0.450415,1.293071,32594,64512,1.0057,70.8,20,L96
rlinear,ETTh1,96,336,2022,0.485441,0.450301,1.293063,32594,64512,1.0164,70.8,20,L96
rlinear,ETTh1,96,336,2023,0.485644,0.450472,1.293260,32594,64512,1.0179,70.8,20,L96
fits,ETTh1,96,336,2021,0.498810,0.465271,1.316549,1404,5184,1.1339,70.7,20,L96
fits,ETTh1,96,336,2022,0.504070,0.471589,1.333535,1404,5184,0.8095,70.7,20,L96
fits,ETTh1,96,336,2023,0.508345,0.474433,1.339710,1404,5184,0.8107,70.7,20,L96
freqlite,ETTh1,96,336,2021,0.480717,0.446028,1.287993,66197,141667,1.5887,73.0,20,L96
freqlite,ETTh1,96,336,2022,0.480869,0.446101,1.288183,66197,141667,1.6760,73.0,20,L96
freqlite,ETTh1,96,336,2023,0.480755,0.446027,1.288055,66197,141667,2.0641,73.0,20,L96
patchtst,ETTh1,96,336,2021,0.504972,0.467268,1.296188,327186,0,3.7443,107.2,5,L96
patchtst,ETTh1,96,336,2022,0.504774,0.469509,1.297701,327186,0,3.7234,107.2,5,L96
patchtst,ETTh1,96,336,2023,0.510356,0.471655,1.304555,327186,0,3.7194,107.2,6,L96
naive,ETTh1,96,720,2021,1.335121,0.755045,2.609958,0,0,0.0000,69.8,0,L96
naive,ETTh1,96,720,2022,1.335121,0.755045,2.609958,0,0,0.0000,69.8,0,L96
naive,ETTh1,96,720,2023,1.335121,0.755045,2.609958,0,0,0.0000,69.8,0,L96
nlinear,ETTh1,96,720,2021,0.482519,0.471807,1.567547,69840,138240,0.7430,73.5,9,L96
nlinear,ETTh1,96,720,2022,0.482381,0.471685,1.567876,69840,138240,0.7066,73.5,20,L96
nlinear,ETTh1,96,720,2023,0.482318,0.471632,1.567773,69840,138240,0.6231,73.5,20,L96
dlinear,ETTh1,96,720,2021,0.512145,0.507206,1.258276,139680,276480,0.8729,75.3,6,L96
dlinear,ETTh1,96,720,2022,0.507289,0.503324,1.263788,139680,276480,0.8259,75.3,9,L96
dlinear,ETTh1,96,720,2023,0.509590,0.505376,1.265149,139680,276480,0.8634,75.3,6,L96
rlinear,ETTh1,96,720,2021,0.487312,0.474457,1.561842,69842,138240,0.8314,74.3,19,L96
rlinear,ETTh1,96,720,2022,0.487447,0.474479,1.561794,69842,138240,0.7806,74.3,20,L96
rlinear,ETTh1,96,720,2023,0.487157,0.474318,1.561914,69842,138240,0.7986,74.3,20,L96
fits,ETTh1,96,720,2021,0.498341,0.488150,1.604683,2652,9792,0.9405,73.9,20,L96
fits,ETTh1,96,720,2022,0.488175,0.482953,1.595942,2652,9792,1.0591,73.9,20,L96
fits,ETTh1,96,720,2023,0.502057,0.493854,1.620883,2652,9792,1.0695,73.9,20,L96
freqlite,ETTh1,96,720,2021,0.482171,0.470373,1.557043,141845,289123,1.8994,79.1,20,L96
freqlite,ETTh1,96,720,2022,0.482262,0.470427,1.556870,141845,289123,1.9567,79.1,14,L96
freqlite,ETTh1,96,720,2023,0.482342,0.470445,1.556997,141845,289123,1.5018,79.1,20,L96
patchtst,ETTh1,96,720,2021,0.552165,0.506976,1.569656,622482,0,2.8100,112.8,8,L96
patchtst,ETTh1,96,720,2022,0.509296,0.493975,1.580968,622482,0,2.8899,113.0,5,L96
patchtst,ETTh1,96,720,2023,0.525826,0.497776,1.600504,622482,0,2.8227,113.0,6,L96
naive,ETTh2,96,96,2021,0.431657,0.421621,0.315860,0,0,0.0000,67.5,0,L96
naive,ETTh2,96,96,2022,0.431657,0.421621,0.315860,0,0,0.0000,67.5,0,L96
naive,ETTh2,96,96,2023,0.431657,0.421621,0.315860,0,0,0.0000,67.5,0,L96
nlinear,ETTh2,96,96,2021,0.298353,0.347142,0.217115,9312,18432,0.6070,69.2,19,L96
nlinear,ETTh2,96,96,2022,0.298571,0.347244,0.217440,9312,18432,0.6028,69.2,19,L96
nlinear,ETTh2,96,96,2023,0.298328,0.347041,0.217431,9312,18432,0.6785,69.2,19,L96
dlinear,ETTh2,96,96,2021,0.327300,0.379675,0.232295,18624,36864,0.8608,69.5,4,L96
dlinear,ETTh2,96,96,2022,0.328996,0.384880,0.231367,18624,36864,0.8766,69.5,8,L96
dlinear,ETTh2,96,96,2023,0.325996,0.381823,0.233117,18624,36864,0.8823,69.5,4,L96
rlinear,ETTh2,96,96,2021,0.295219,0.343981,0.215062,9314,18432,0.9267,69.1,19,L96
rlinear,ETTh2,96,96,2022,0.295749,0.344394,0.215380,9314,18432,0.9328,69.1,19,L96
rlinear,ETTh2,96,96,2023,0.295046,0.343832,0.215340,9314,18432,0.9168,69.1,19,L96
fits,ETTh2,96,96,2021,0.302785,0.349619,0.223821,624,2304,0.9980,68.7,20,L96
fits,ETTh2,96,96,2022,0.302793,0.348344,0.222733,624,2304,0.7954,68.7,20,L96
fits,ETTh2,96,96,2023,0.302793,0.349260,0.222801,624,2304,0.7848,68.7,20,L96
freqlite,ETTh2,96,96,2021,0.290338,0.339210,0.210104,18917,49507,1.6096,69.6,19,L96
freqlite,ETTh2,96,96,2022,0.290365,0.339296,0.210192,18917,49507,1.6086,69.6,18,L96
freqlite,ETTh2,96,96,2023,0.290349,0.339183,0.210261,18917,49507,1.8411,69.6,19,L96
patchtst,ETTh2,96,96,2021,0.304041,0.349741,0.217102,142626,0,3.7429,103.6,4,L96
patchtst,ETTh2,96,96,2022,0.290871,0.340836,0.220450,142626,0,3.6871,103.6,4,L96
patchtst,ETTh2,96,96,2023,0.297765,0.345930,0.210777,142626,0,3.6221,103.6,5,L96
naive,ETTh2,96,192,2021,0.533722,0.472538,0.385814,0,0,0.0000,67.9,0,L96
naive,ETTh2,96,192,2022,0.533722,0.472538,0.385814,0,0,0.0000,67.9,0,L96
naive,ETTh2,96,192,2023,0.533722,0.472538,0.385814,0,0,0.0000,67.9,0,L96
nlinear,ETTh2,96,192,2021,0.384682,0.399236,0.279079,18624,36864,0.7946,69.8,20,L96
nlinear,ETTh2,96,192,2022,0.384770,0.399241,0.279223,18624,36864,0.8096,69.8,19,L96
nlinear,ETTh2,96,192,2023,0.384400,0.398829,0.278946,18624,36864,0.7381,69.8,20,L96
dlinear,ETTh2,96,192,2021,0.444960,0.454472,0.309649,37248,73728,0.8803,70.4,7,L96
dlinear,ETTh2,96,192,2022,0.453698,0.459710,0.313987,37248,73728,0.7792,70.4,7,L96
dlinear,ETTh2,96,192,2023,0.451578,0.457275,0.315895,37248,73728,0.8171,70.4,5,L96
rlinear,ETTh2,96,192,2021,0.381514,0.395989,0.277362,18626,36864,0.9271,69.8,20,L96
rlinear,ETTh2,96,192,2022,0.381543,0.396069,0.277224,18626,36864,0.8787,69.8,19,L96
rlinear,ETTh2,96,192,2023,0.381532,0.395905,0.277360,18626,36864,0.8859,69.8,19,L96
fits,ETTh2,96,192,2021,0.387185,0.399161,0.284830,936,3456,0.8589,69.5,20,L96
fits,ETTh2,96,192,2022,0.386516,0.397942,0.283696,936,3456,1.0167,69.5,20,L96
fits,ETTh2,96,192,2023,0.385814,0.398292,0.284270,936,3456,1.1283,69.5,20,L96
freqlite,ETTh2,96,192,2021,0.376534,0.391300,0.271879,37829,86371,2.1380,70.8,7,L96
freqlite,ETTh2,96,192,2022,0.376220,0.391324,0.271904,37829,86371,2.1483,70.8,19,L96
freqlite,ETTh2,96,192,2023,0.376444,0.391517,0.271803,37829,86371,1.7736,70.8,17,L96
patchtst,ETTh2,96,192,2021,0.382684,0.397775,0.271990,216450,0,2.9829,105.0,4,L96
patchtst,ETTh2,96,192,2022,0.371216,0.390771,0.274929,216450,0,3.0427,105.0,4,L96
patchtst,ETTh2,96,192,2023,0.374819,0.394162,0.275653,216450,0,2.9960,105.0,5,L96
naive,ETTh2,96,336,2021,0.597277,0.510865,0.477049,0,0,0.0000,68.4,0,L96
naive,ETTh2,96,336,2022,0.597277,0.510865,0.477049,0,0,0.0000,68.4,0,L96
naive,ETTh2,96,336,2023,0.597277,0.510865,0.477049,0,0,0.0000,68.4,0,L96
nlinear,ETTh2,96,336,2021,0.423602,0.433717,0.367308,32592,64512,0.6591,70.8,20,L96
nlinear,ETTh2,96,336,2022,0.425943,0.434657,0.367300,32592,64512,0.6893,70.8,8,L96
nlinear,ETTh2,96,336,2023,0.424051,0.433919,0.367674,32592,64512,0.6795,70.8,17,L96
dlinear,ETTh2,96,336,2021,0.575536,0.531481,0.422078,65184,129024,0.8246,71.7,5,L96
dlinear,ETTh2,96,336,2022,0.568753,0.528436,0.419994,65184,129024,0.8451,71.7,7,L96
dlinear,ETTh2,96,336,2023,0.556464,0.521944,0.417221,65184,129024,0.8231,71.7,7,L96
rlinear,ETTh2,96,336,2021,0.420734,0.430819,0.363579,32594,64512,0.9815,70.8,20,L96
rlinear,ETTh2,96,336,2022,0.420964,0.430825,0.363595,32594,64512,1.0057,70.8,18,L96
rlinear,ETTh2,96,336,2023,0.421082,0.431011,0.363542,32594,64512,1.0221,70.8,20,L96
fits,ETTh2,96,336,2021,0.424617,0.431933,0.376062,1404,5184,1.0861,70.7,20,L96
fits,ETTh2,96,336,2022,0.424226,0.431971,0.376214,1404,5184,1.0239,70.7,20,L96
fits,ETTh2,96,336,2023,0.423379,0.432184,0.376446,1404,5184,0.8215,70.7,20,L96
freqlite,ETTh2,96,336,2021,0.415991,0.426928,0.357833,66197,141667,1.5758,73.0,19,L96
freqlite,ETTh2,96,336,2022,0.416008,0.426894,0.357807,66197,141667,1.5656,73.0,18,L96
freqlite,ETTh2,96,336,2023,0.415858,0.426800,0.358064,66197,141667,1.6125,73.0,20,L96
patchtst,ETTh2,96,336,2021,0.425122,0.432170,0.357497,327186,0,3.7200,107.2,5,L96
patchtst,ETTh2,96,336,2022,0.422835,0.433620,0.359115,327186,0,3.7011,107.2,5,L96
patchtst,ETTh2,96,336,2023,0.425534,0.430550,0.360529,327186,0,3.6552,107.2,5,L96
naive,ETTh2,96,720,2021,0.594472,0.518991,0.740687,0,0,0.0000,69.8,0,L96
naive,ETTh2,96,720,2022,0.594472,0.518991,0.740687,0,0,0.0000,69.8,0,L96
naive,ETTh2,96,720,2023,0.594472,0.518991,0.740687,0,0,0.0000,69.8,0,L96
nlinear,ETTh2,96,720,2021,0.430210,0.449438,0.612850,69840,138240,0.7115,73.5,8,L96
nlinear,ETTh2,96,720,2022,0.430803,0.449882,0.613266,69840,138240,0.7145,73.5,10,L96
nlinear,ETTh2,96,720,2023,0.430234,0.449402,0.613061,69840,138240,0.7320,73.5,9,L96
dlinear,ETTh2,96,720,2021,0.760382,0.625633,0.668304,139680,276480,0.8948,75.3,5,L96
dlinear,ETTh2,96,720,2022,0.811320,0.648580,0.679534,139680,276480,0.8891,75.3,5,L96
dlinear,ETTh2,96,720,2023,0.771522,0.632173,0.672409,139680,276480,0.8636,75.3,7,L96
rlinear,ETTh2,96,720,2021,0.427004,0.444655,0.605815,69842,138240,0.9931,74.3,19,L96
rlinear,ETTh2,96,720,2022,0.427121,0.444757,0.606111,69842,138240,0.7800,74.3,19,L96
rlinear,ETTh2,96,720,2023,0.426900,0.444582,0.606605,69842,138240,0.7753,74.3,20,L96
fits,ETTh2,96,720,2021,0.429138,0.444490,0.641558,2652,9792,0.9387,73.9,20,L96
fits,ETTh2,96,720,2022,0.428363,0.443683,0.640702,2652,9792,0.9207,73.9,20,L96
fits,ETTh2,96,720,2023,0.428633,0.444621,0.641881,2652,9792,0.9591,73.9,20,L96
freqlite,ETTh2,96,720,2021,0.426772,0.442413,0.599611,141845,289123,1.4621,79.1,5,L96
freqlite,ETTh2,96,720,2022,0.423376,0.441505,0.599826,141845,289123,1.5381,79.1,6,L96
freqlite,ETTh2,96,720,2023,0.422201,0.441012,0.599943,141845,289123,2.0443,79.1,18,L96
patchtst,ETTh2,96,720,2021,0.419022,0.439681,0.601785,622482,0,3.5825,112.8,5,L96
patchtst,ETTh2,96,720,2022,0.436128,0.448072,0.591055,622482,0,3.5632,113.0,5,L96
patchtst,ETTh2,96,720,2023,0.420530,0.440029,0.596591,622482,0,3.6038,113.0,4,L96
naive,ETTm1,96,96,2021,1.213897,0.664785,1.249652,0,0,0.0000,67.5,0,L96
naive,ETTm1,96,96,2022,1.213897,0.664785,1.249652,0,0,0.0000,67.5,0,L96
naive,ETTm1,96,96,2023,1.213897,0.664785,1.249652,0,0,0.0000,67.5,0,L96
nlinear,ETTm1,96,96,2021,0.349578,0.370027,0.408289,9312,18432,2.7877,69.2,5,L96
nlinear,ETTm1,96,96,2022,0.351152,0.372923,0.410846,9312,18432,2.5784,69.2,5,L96
nlinear,ETTm1,96,96,2023,0.347712,0.369233,0.407634,9312,18432,2.2872,69.2,4,L96
dlinear,ETTm1,96,96,2021,0.345881,0.375181,0.398520,18624,36864,2.7311,69.5,4,L96
dlinear,ETTm1,96,96,2022,0.342339,0.369920,0.395009,18624,36864,2.9241,69.5,6,L96
dlinear,ETTm1,96,96,2023,0.342893,0.370886,0.395554,18624,36864,2.7343,69.5,6,L96
rlinear,ETTm1,96,96,2021,0.350840,0.372139,0.407828,9314,18432,2.9552,69.1,5,L96
rlinear,ETTm1,96,96,2022,0.352348,0.373994,0.409428,9314,18432,2.9619,69.1,5,L96
rlinear,ETTm1,96,96,2023,0.351388,0.372983,0.408517,9314,18432,3.5191,69.1,6,L96
fits,ETTm1,96,96,2021,0.362675,0.381148,0.420271,624,2304,4.1433,68.7,16,L96
fits,ETTm1,96,96,2022,0.362298,0.380553,0.419961,624,2304,4.0692,68.7,6,L96
fits,ETTm1,96,96,2023,0.362496,0.380956,0.420006,624,2304,3.2688,68.7,8,L96
freqlite,ETTm1,96,96,2021,0.353157,0.373016,0.409214,18917,49507,6.1749,69.6,4,L96
freqlite,ETTm1,96,96,2022,0.349701,0.371865,0.407651,18917,49507,6.3832,69.6,6,L96
freqlite,ETTm1,96,96,2023,0.350620,0.372263,0.408305,18917,49507,7.6252,69.6,6,L96
patchtst,ETTm1,96,96,2021,0.326839,0.366406,0.409623,142626,0,14.4617,103.6,4,L96
patchtst,ETTm1,96,96,2022,0.326216,0.364714,0.412166,142626,0,12.7191,103.6,5,L96
patchtst,ETTm1,96,96,2023,0.319650,0.359881,0.407865,142626,0,12.1238,103.6,5,L96
naive,ETTm1,96,192,2021,1.261195,0.690363,1.365940,0,0,0.0000,67.9,0,L96
naive,ETTm1,96,192,2022,1.261195,0.690363,1.365940,0,0,0.0000,67.9,0,L96
naive,ETTm1,96,192,2023,1.261195,0.690363,1.365940,0,0,0.0000,67.9,0,L96
nlinear,ETTm1,96,192,2021,0.390369,0.391599,0.537462,18624,36864,3.2897,69.8,11,L96
nlinear,ETTm1,96,192,2022,0.390582,0.391115,0.536452,18624,36864,3.2933,69.8,6,L96
nlinear,ETTm1,96,192,2023,0.390674,0.391655,0.536587,18624,36864,3.3148,69.8,9,L96
dlinear,ETTm1,96,192,2021,0.379680,0.391525,0.507021,37248,73728,3.8801,70.4,5,L96
dlinear,ETTm1,96,192,2022,0.381770,0.391094,0.509402,37248,73728,3.4805,70.4,7,L96
dlinear,ETTm1,96,192,2023,0.381807,0.391640,0.510671,37248,73728,3.6375,70.4,5,L96
rlinear,ETTm1,96,192,2021,0.392221,0.392973,0.537309,18626,36864,3.7314,69.8,5,L96
rlinear,ETTm1,96,192,2022,0.389766,0.390694,0.535433,18626,36864,3.7613,69.8,6,L96
rlinear,ETTm1,96,192,2023,0.390916,0.392361,0.536748,18626,36864,4.0434,69.8,9,L96
fits,ETTm1,96,192,2021,0.397610,0.396750,0.544809,936,3456,4.5561,69.5,6,L96
fits,ETTm1,96,192,2022,0.397229,0.396486,0.544643,936,3456,4.6058,69.5,8,L96
fits,ETTm1,96,192,2023,0.397439,0.396610,0.544689,936,3456,3.6899,69.5,9,L96
freqlite,ETTm1,96,192,2021,0.387648,0.388832,0.532635,37829,86371,6.8060,70.8,5,L96
freqlite,ETTm1,96,192,2022,0.390250,0.392084,0.536792,37829,86371,6.9637,70.8,5,L96
freqlite,ETTm1,96,192,2023,0.389760,0.391705,0.536119,37829,86371,8.0820,70.8,5,L96
patchtst,ETTm1,96,192,2021,0.371639,0.392339,0.520682,216450,0,14.3437,105.0,8,L96
patchtst,ETTm1,96,192,2022,0.366054,0.389076,0.521546,216450,0,12.4180,105.0,7,L96
patchtst,ETTm1,96,192,2023,0.369084,0.390868,0.523850,216450,0,15.4013,105.0,6,L96
naive,ETTm1,96,336,2021,1.286579,0.707238,1.510174,0,0,0.0000,68.4,0,L96
naive,ETTm1,96,336,2022,1.286579,0.707238,1.510174,0,0,0.0000,68.4,0,L96
naive,ETTm1,96,336,2023,1.286579,0.707238,1.510174,0,0,0.0000,68.4,0,L96
nlinear,ETTm1,96,336,2021,0.423123,0.413056,0.687829,32592,64512,2.9341,70.8,10,L96
nlinear,ETTm1,96,336,2022,0.423069,0.412060,0.687408,32592,64512,2.9710,70.8,6,L96
nlinear,ETTm1,96,336,2023,0.425897,0.414657,0.687213,32592,64512,2.9599,70.8,7,L96
dlinear,ETTm1,96,336,2021,0.412910,0.412813,0.635350,65184,129024,3.4354,71.7,8,L96
dlinear,ETTm1,96,336,2022,0.412549,0.412736,0.635068,65184,129024,3.7790,71.7,10,L96
dlinear,ETTm1,96,336,2023,0.413091,0.414475,0.633006,65184,129024,3.8569,71.7,8,L96
rlinear,ETTm1,96,336,2021,0.423822,0.413949,0.688087,32594,64512,4.2375,70.8,10,L96
rlinear,ETTm1,96,336,2022,0.423105,0.413104,0.687413,32594,64512,3.9541,70.8,6,L96
rlinear,ETTm1,96,336,2023,0.424504,0.414279,0.687646,32594,64512,3.9149,70.8,7,L96
fits,ETTm1,96,336,2021,0.428671,0.416915,0.694291,1404,5184,3.5056,70.7,6,L96
fits,ETTm1,96,336,2022,0.428776,0.417195,0.694511,1404,5184,3.6594,70.7,6,L96
fits,ETTm1,96,336,2023,0.428852,0.417092,0.694709,1404,5184,4.3165,70.7,5,L96
freqlite,ETTm1,96,336,2021,0.424664,0.414701,0.687481,66197,141667,8.6611,73.0,4,L96
freqlite,ETTm1,96,336,2022,0.422251,0.412289,0.686226,66197,141667,8.8156,73.0,6,L96
freqlite,ETTm1,96,336,2023,0.422766,0.413138,0.687089,66197,141667,6.7045,73.0,8,L96
patchtst,ETTm1,96,336,2021,0.389558,0.405865,0.667125,327186,0,12.9456,107.2,5,L96
patchtst,ETTm1,96,336,2022,0.392178,0.406705,0.659353,327186,0,15.3859,107.2,6,L96
patchtst,ETTm1,96,336,2023,0.392092,0.407977,0.666866,327186,0,12.2320,107.2,8,L96
naive,ETTm1,96,720,2021,1.322312,0.729468,1.832082,0,0,0.0000,69.8,0,L96
naive,ETTm1,96,720,2022,1.322312,0.729468,1.832082,0,0,0.0000,69.8,0,L96
naive,ETTm1,96,720,2023,1.322312,0.729468,1.832082,0,0,0.0000,69.8,0,L96
nlinear,ETTm1,96,720,2021,0.485829,0.448005,1.006933,69840,138240,3.1216,73.5,8,L96
nlinear,ETTm1,96,720,2022,0.485794,0.448266,1.007342,69840,138240,3.3183,73.5,7,L96
nlinear,ETTm1,96,720,2023,0.485788,0.448087,1.006646,69840,138240,3.3389,73.5,6,L96
dlinear,ETTm1,96,720,2021,0.473932,0.453305,0.872644,139680,276480,3.7347,75.3,5,L96
dlinear,ETTm1,96,720,2022,0.471283,0.448732,0.879462,139680,276480,3.7535,75.3,10,L96
dlinear,ETTm1,96,720,2023,0.477906,0.458208,0.862249,139680,276480,3.6315,75.3,5,L96
rlinear,ETTm1,96,720,2021,0.486833,0.449085,1.008350,69842,138240,3.5318,74.3,8,L96
rlinear,ETTm1,96,720,2022,0.486782,0.448477,1.007762,69842,138240,3.5195,74.3,6,L96
rlinear,ETTm1,96,720,2023,0.487042,0.449070,1.007694,69842,138240,3.8492,74.3,6,L96
fits,ETTm1,96,720,2021,0.488442,0.449684,1.011540,2652,9792,4.7787,73.9,5,L96
fits,ETTm1,96,720,2022,0.488679,0.450124,1.012002,2652,9792,4.7743,73.9,8,L96
fits,ETTm1,96,720,2023,0.488596,0.450007,1.011923,2652,9792,4.7778,73.9,5,L96
freqlite,ETTm1,96,720,2021,0.486094,0.448697,1.007195,141845,289123,6.7731,79.1,9,L96
freqlite,ETTm1,96,720,2022,0.488938,0.449064,1.007438,141845,289123,6.4112,79.1,4,L96
freqlite,ETTm1,96,720,2023,0.485514,0.448310,1.006716,141845,289123,7.4349,79.1,7,L96
patchtst,ETTm1,96,720,2021,0.452487,0.442550,0.977533,622482,0,14.7574,112.8,7,L96
patchtst,ETTm1,96,720,2022,0.450419,0.441702,0.976710,622482,0,12.1572,113.0,6,L96
patchtst,ETTm1,96,720,2023,0.449509,0.441732,0.968608,622482,0,14.7656,113.0,9,L96
naive,ETTm2,96,96,2021,0.266462,0.327765,0.206417,0,0,0.0000,67.5,0,L96
naive,ETTm2,96,96,2022,0.266462,0.327765,0.206417,0,0,0.0000,67.5,0,L96
naive,ETTm2,96,96,2023,0.266462,0.327765,0.206417,0,0,0.0000,67.5,0,L96
nlinear,ETTm2,96,96,2021,0.183199,0.266286,0.128663,9312,18432,2.3159,69.2,7,L96
nlinear,ETTm2,96,96,2022,0.183165,0.265647,0.128049,9312,18432,2.2879,69.2,7,L96
nlinear,ETTm2,96,96,2023,0.183401,0.267350,0.128788,9312,18432,2.5243,69.2,6,L96
dlinear,ETTm2,96,96,2021,0.193071,0.291572,0.132348,18624,36864,2.7776,69.5,9,L96
dlinear,ETTm2,96,96,2022,0.189571,0.285201,0.130685,18624,36864,2.8078,69.5,7,L96
dlinear,ETTm2,96,96,2023,0.189649,0.284621,0.131071,18624,36864,3.3556,69.5,4,L96
rlinear,ETTm2,96,96,2021,0.182519,0.265508,0.127993,9314,18432,3.7635,69.1,9,L96
rlinear,ETTm2,96,96,2022,0.182628,0.265698,0.128080,9314,18432,3.7702,69.1,8,L96
rlinear,ETTm2,96,96,2023,0.182606,0.265671,0.128118,9314,18432,3.5338,69.1,11,L96
fits,ETTm2,96,96,2021,0.185674,0.269251,0.130087,624,2304,3.2823,68.7,5,L96
fits,ETTm2,96,96,2022,0.185830,0.269492,0.130140,624,2304,3.2825,68.7,5,L96
fits,ETTm2,96,96,2023,0.185636,0.269267,0.129993,624,2304,3.1682,68.7,5,L96
freqlite,ETTm2,96,96,2021,0.182059,0.264840,0.127574,18917,49507,6.2759,69.6,6,L96
freqlite,ETTm2,96,96,2022,0.181359,0.263251,0.126316,18917,49507,8.1312,69.6,5,L96
freqlite,ETTm2,96,96,2023,0.181517,0.263764,0.126739,18917,49507,8.3040,69.6,5,L96
patchtst,ETTm2,96,96,2021,0.177421,0.260363,0.124482,142626,0,13.1802,103.6,5,L96
patchtst,ETTm2,96,96,2022,0.178023,0.261099,0.124190,142626,0,12.6996,103.6,8,L96
patchtst,ETTm2,96,96,2023,0.176121,0.260281,0.124480,142626,0,14.4111,103.6,7,L96
naive,ETTm2,96,192,2021,0.340000,0.370673,0.252151,0,0,0.0000,67.9,0,L96
naive,ETTm2,96,192,2022,0.340000,0.370673,0.252151,0,0,0.0000,67.9,0,L96
naive,ETTm2,96,192,2023,0.340000,0.370673,0.252151,0,0,0.0000,67.9,0,L96
nlinear,ETTm2,96,192,2021,0.246949,0.304747,0.171561,18624,36864,2.8501,69.8,6,L96
nlinear,ETTm2,96,192,2022,0.247084,0.305022,0.171670,18624,36864,3.0550,69.8,7,L96
nlinear,ETTm2,96,192,2023,0.247392,0.305739,0.172275,18624,36864,2.8066,69.8,8,L96
dlinear,ETTm2,96,192,2021,0.270403,0.347308,0.181178,37248,73728,3.5598,70.4,4,L96
dlinear,ETTm2,96,192,2022,0.280252,0.357665,0.185244,37248,73728,3.9154,70.4,6,L96
dlinear,ETTm2,96,192,2023,0.267864,0.337550,0.180592,37248,73728,3.9364,70.4,4,L96
rlinear,ETTm2,96,192,2021,0.247179,0.305571,0.172407,18626,36864,4.3487,69.8,6,L96
rlinear,ETTm2,96,192,2022,0.247300,0.305473,0.172194,18626,36864,4.1199,69.8,7,L96
rlinear,ETTm2,96,192,2023,0.247178,0.305531,0.172359,18626,36864,3.6053,69.8,9,L96
fits,ETTm2,96,192,2021,0.249078,0.307299,0.173358,936,3456,3.3852,69.5,5,L96
fits,ETTm2,96,192,2022,0.248801,0.306999,0.173199,936,3456,3.3244,69.5,7,L96
fits,ETTm2,96,192,2023,0.248800,0.307064,0.173326,936,3456,3.4519,69.5,7,L96
freqlite,ETTm2,96,192,2021,0.246428,0.304467,0.171757,37829,86371,7.8091,70.8,4,L96
freqlite,ETTm2,96,192,2022,0.246176,0.304194,0.171411,37829,86371,8.6887,70.8,7,L96
freqlite,ETTm2,96,192,2023,0.246462,0.304554,0.171630,37829,86371,7.4447,70.8,8,L96
patchtst,ETTm2,96,192,2021,0.247693,0.306873,0.169539,216450,0,12.3636,105.0,5,L96
patchtst,ETTm2,96,192,2022,0.242929,0.301457,0.168680,216450,0,14.6836,105.0,5,L96
patchtst,ETTm2,96,192,2023,0.243227,0.304276,0.169392,216450,0,14.3114,105.0,5,L96
naive,ETTm2,96,336,2021,0.412055,0.409911,0.303116,0,0,0.0000,68.4,0,L96
naive,ETTm2,96,336,2022,0.412055,0.409911,0.303116,0,0,0.0000,68.4,0,L96
naive,ETTm2,96,336,2023,0.412055,0.409911,0.303116,0,0,0.0000,68.4,0,L96
nlinear,ETTm2,96,336,2021,0.308372,0.344234,0.218733,32592,64512,2.9401,70.8,9,L96
nlinear,ETTm2,96,336,2022,0.308849,0.344755,0.219240,32592,64512,2.9979,70.8,5,L96
nlinear,ETTm2,96,336,2023,0.308297,0.344001,0.218289,32592,64512,2.9843,70.8,7,L96
dlinear,ETTm2,96,336,2021,0.364789,0.413734,0.243094,65184,129024,3.6609,71.7,8,L96
dlinear,ETTm2,96,336,2022,0.335798,0.388756,0.230562,65184,129024,3.8064,71.7,4,L96
dlinear,ETTm2,96,336,2023,0.343826,0.396394,0.233576,65184,129024,3.8985,71.7,7,L96
rlinear,ETTm2,96,336,2021,0.308157,0.343707,0.219777,32594,64512,4.2463,70.8,7,L96
rlinear,ETTm2,96,336,2022,0.308812,0.344165,0.219798,32594,64512,4.1522,70.8,6,L96
rlinear,ETTm2,96,336,2023,0.308507,0.344072,0.219747,32594,64512,4.0255,70.8,7,L96
fits,ETTm2,96,336,2021,0.308735,0.344042,0.218538,1404,5184,3.4099,70.7,6,L96
fits,ETTm2,96,336,2022,0.308587,0.343808,0.218454,1404,5184,3.5030,70.7,7,L96
fits,ETTm2,96,336,2023,0.308561,0.343800,0.218543,1404,5184,3.4910,70.7,5,L96
freqlite,ETTm2,96,336,2021,0.307336,0.342844,0.218904,66197,141667,8.0567,73.0,19,L96
freqlite,ETTm2,96,336,2022,0.307385,0.342589,0.218584,66197,141667,6.9021,73.0,8,L96
freqlite,ETTm2,96,336,2023,0.308125,0.343273,0.218481,66197,141667,8.6646,73.0,5,L96
patchtst,ETTm2,96,336,2021,0.316241,0.352612,0.218956,327186,0,14.5949,107.2,6,L96
patchtst,ETTm2,96,336,2022,0.308090,0.344948,0.216767,327186,0,12.3100,107.2,5,L96
patchtst,ETTm2,96,336,2023,0.305993,0.344325,0.216579,327186,0,13.7347,107.2,4,L96
naive,ETTm2,96,720,2021,0.521559,0.465622,0.381235,0,0,0.0000,69.8,0,L96
naive,ETTm2,96,720,2022,0.521559,0.465622,0.381235,0,0,0.0000,69.8,0,L96
naive,ETTm2,96,720,2023,0.521559,0.465622,0.381235,0,0,0.0000,69.8,0,L96
nlinear,ETTm2,96,720,2021,0.408844,0.399847,0.290291,69840,138240,3.3395,73.5,8,L96
nlinear,ETTm2,96,720,2022,0.408790,0.399782,0.290343,69840,138240,3.3045,73.5,10,L96
nlinear,ETTm2,96,720,2023,0.409047,0.399940,0.290506,69840,138240,3.1686,73.5,7,L96
dlinear,ETTm2,96,720,2021,0.539520,0.512570,0.349355,139680,276480,3.6459,75.3,7,L96
dlinear,ETTm2,96,720,2022,0.573678,0.532573,0.364370,139680,276480,3.5244,75.3,4,L96
dlinear,ETTm2,96,720,2023,0.468831,0.469971,0.318244,139680,276480,3.6162,75.3,5,L96
rlinear,ETTm2,96,720,2021,0.408502,0.399399,0.290636,69842,138240,4.0146,74.3,18,L96
rlinear,ETTm2,96,720,2022,0.408725,0.399485,0.290693,69842,138240,4.1964,74.3,7,L96
rlinear,ETTm2,96,720,2023,0.408529,0.399340,0.290539,69842,138240,4.2333,74.3,7,L96
fits,ETTm2,96,720,2021,0.409028,0.398845,0.289602,2652,9792,3.9949,73.9,4,L96
fits,ETTm2,96,720,2022,0.408254,0.398568,0.289462,2652,9792,4.2723,73.9,7,L96
fits,ETTm2,96,720,2023,0.408518,0.398554,0.289472,2652,9792,4.2734,73.9,5,L96
freqlite,ETTm2,96,720,2021,0.407511,0.398027,0.289360,141845,289123,6.5918,79.1,5,L96
freqlite,ETTm2,96,720,2022,0.407505,0.397941,0.289172,141845,289123,8.7368,79.1,6,L96
freqlite,ETTm2,96,720,2023,0.407440,0.398218,0.289605,141845,289123,7.6748,79.1,12,L96
patchtst,ETTm2,96,720,2021,0.411644,0.408920,0.288717,622482,0,12.3012,112.8,5,L96
patchtst,ETTm2,96,720,2022,0.404327,0.403113,0.291101,622482,0,14.8038,113.0,4,L96
patchtst,ETTm2,96,720,2023,0.406356,0.403897,0.286637,622482,0,15.3435,113.0,4,L96
naive,weather,96,96,2021,0.259125,0.254221,0.890019,0,0,0.0000,68.4,0,L96
naive,weather,96,96,2022,0.259125,0.254221,0.890019,0,0,0.0000,68.4,0,L96
naive,weather,96,96,2023,0.259125,0.254221,0.890019,0,0,0.0000,68.4,0,L96
nlinear,weather,96,96,2021,0.195220,0.233946,0.484119,9312,18432,2.8623,70.9,11,L96
nlinear,weather,96,96,2022,0.194841,0.233876,0.484044,9312,18432,2.8610,70.9,8,L96
nlinear,weather,96,96,2023,0.194923,0.234422,0.483913,9312,18432,2.8390,70.9,8,L96
dlinear,weather,96,96,2021,0.195591,0.255008,0.461365,18624,36864,3.7797,71.6,8,L96
dlinear,weather,96,96,2022,0.194922,0.253427,0.461652,18624,36864,4.2350,71.6,7,L96
dlinear,weather,96,96,2023,0.199388,0.261675,0.461591,18624,36864,4.2833,71.6,5,L96
rlinear,weather,96,96,2021,0.194983,0.234015,0.482030,9314,18432,4.7804,70.6,11,L96
rlinear,weather,96,96,2022,0.194258,0.233724,0.481785,9314,18432,3.9938,70.6,8,L96
rlinear,weather,96,96,2023,0.194866,0.234106,0.482004,9314,18432,3.9275,70.6,8,L96
fits,weather,96,96,2021,0.197209,0.237526,0.490025,624,2304,4.7099,71.9,19,L96
fits,weather,96,96,2022,0.197402,0.237546,0.489822,624,2304,5.1569,71.9,20,L96
fits,weather,96,96,2023,0.197317,0.237439,0.489897,624,2304,5.6872,71.9,19,L96
freqlite,weather,96,96,2021,0.194478,0.233604,0.481248,18917,49507,13.2915,73.0,6,L96
freqlite,weather,96,96,2022,0.194901,0.233846,0.481411,18917,49507,7.1988,73.0,7,L96
freqlite,weather,96,96,2023,0.195137,0.234077,0.481908,18917,49507,7.6544,73.0,11,L96
patchtst,weather,96,96,2021,0.176572,0.218281,0.435296,142626,0,17.9712,171.0,8,L96
patchtst,weather,96,96,2022,0.174470,0.215424,0.423696,142626,0,18.0349,171.0,10,L96
patchtst,weather,96,96,2023,0.175344,0.217146,0.429866,142626,0,17.9534,171.0,11,L96
naive,weather,96,192,2021,0.309216,0.291750,0.928036,0,0,0.0000,69.4,0,L96
naive,weather,96,192,2022,0.309216,0.291750,0.928036,0,0,0.0000,69.4,0,L96
naive,weather,96,192,2023,0.309216,0.291750,0.928036,0,0,0.0000,69.4,0,L96
nlinear,weather,96,192,2021,0.241135,0.270952,0.559444,18624,36864,3.4047,72.6,11,L96
nlinear,weather,96,192,2022,0.241150,0.271180,0.559165,18624,36864,2.8825,72.6,9,L96
nlinear,weather,96,192,2023,0.241138,0.270918,0.559385,18624,36864,2.9250,72.6,10,L96
dlinear,weather,96,192,2021,0.245714,0.306190,0.519214,37248,73728,3.4325,73.7,5,L96
dlinear,weather,96,192,2022,0.236984,0.295271,0.518371,37248,73728,3.4920,73.7,8,L96
dlinear,weather,96,192,2023,0.249797,0.315272,0.517978,37248,73728,4.4416,73.7,4,L96
rlinear,weather,96,192,2021,0.240222,0.270155,0.556463,18626,36864,4.8260,72.8,7,L96
rlinear,weather,96,192,2022,0.239838,0.269687,0.556193,18626,36864,4.9649,72.8,9,L96
rlinear,weather,96,192,2023,0.240040,0.270009,0.556114,18626,36864,3.9511,72.8,9,L96
fits,weather,96,192,2021,0.241955,0.272774,0.563388,936,3456,4.0916,74.3,19,L96
fits,weather,96,192,2022,0.241934,0.272788,0.563434,936,3456,5.0116,74.3,20,L96
fits,weather,96,192,2023,0.241881,0.272688,0.563597,936,3456,4.2100,74.3,20,L96
freqlite,weather,96,192,2021,0.239949,0.269914,0.555943,37829,86371,8.2343,77.1,11,L96
freqlite,weather,96,192,2022,0.239968,0.269494,0.555741,37829,86371,9.5871,77.1,5,L96
freqlite,weather,96,192,2023,0.239589,0.269648,0.555861,37829,86371,7.6116,77.1,8,L96
patchtst,weather,96,192,2021,0.221209,0.257841,0.498871,216450,0,18.0518,172.9,10,L96
patchtst,weather,96,192,2022,0.221507,0.257627,0.498805,216450,0,18.0945,172.9,9,L96
patchtst,weather,96,192,2023,0.221123,0.258303,0.495178,216450,0,18.0994,172.9,9,L96
naive,weather,96,336,2021,0.376412,0.337716,1.043232,0,0,0.0000,71.0,0,L96
naive,weather,96,336,2022,0.376412,0.337716,1.043232,0,0,0.0000,71.0,0,L96
naive,weather,96,336,2023,0.376412,0.337716,1.043232,0,0,0.0000,71.0,0,L96
nlinear,weather,96,336,2021,0.293319,0.307776,0.647992,32592,64512,3.3269,75.1,10,L96
nlinear,weather,96,336,2022,0.293051,0.307792,0.648028,32592,64512,3.6841,75.1,6,L96
nlinear,weather,96,336,2023,0.293139,0.307599,0.647884,32592,64512,3.4739,75.1,11,L96
dlinear,weather,96,336,2021,0.286703,0.337624,0.578123,65184,129024,4.4279,76.8,5,L96
dlinear,weather,96,336,2022,0.282595,0.333088,0.578063,65184,129024,3.6431,76.8,7,L96
dlinear,weather,96,336,2023,0.284790,0.336207,0.578654,65184,129024,3.4293,76.8,5,L96
rlinear,weather,96,336,2021,0.290852,0.306157,0.643150,32594,64512,3.9735,76.5,5,L96
rlinear,weather,96,336,2022,0.291284,0.306300,0.642387,32594,64512,4.0690,76.5,6,L96
rlinear,weather,96,336,2023,0.291749,0.306211,0.642435,32594,64512,4.1020,76.5,8,L96
fits,weather,96,336,2021,0.293536,0.308601,0.650584,1404,5184,4.9659,77.9,19,L96
fits,weather,96,336,2022,0.293484,0.308578,0.650114,1404,5184,4.3298,77.9,19,L96
fits,weather,96,336,2023,0.293625,0.308620,0.650568,1404,5184,4.6403,77.9,20,L96
freqlite,weather,96,336,2021,0.291750,0.306181,0.642266,66197,141667,7.9606,83.3,20,L96
freqlite,weather,96,336,2022,0.291746,0.306179,0.642336,66197,141667,8.5363,83.3,20,L96
freqlite,weather,96,336,2023,0.291714,0.306175,0.642315,66197,141667,7.0660,83.3,10,L96
patchtst,weather,96,336,2021,0.278923,0.299343,0.590385,327186,0,18.2401,175.9,8,L96
patchtst,weather,96,336,2022,0.278216,0.298722,0.586078,327186,0,18.2072,175.9,7,L96
patchtst,weather,96,336,2023,0.277334,0.297722,0.588648,327186,0,18.1576,175.9,10,L96
naive,weather,96,720,2021,0.465200,0.393520,1.229541,0,0,0.0000,75.1,0,L96
naive,weather,96,720,2022,0.465200,0.393520,1.229541,0,0,0.0000,75.1,0,L96
naive,weather,96,720,2023,0.465200,0.393520,1.229541,0,0,0.0000,75.1,0,L96
nlinear,weather,96,720,2021,0.366142,0.355393,0.769552,69840,138240,3.9468,82.5,10,L96
nlinear,weather,96,720,2022,0.365600,0.355507,0.768671,69840,138240,3.8793,82.5,7,L96
nlinear,weather,96,720,2023,0.366494,0.355621,0.769592,69840,138240,3.8721,82.5,9,L96
dlinear,weather,96,720,2021,0.350582,0.387372,0.656672,139680,276480,3.8456,86.1,5,L96
dlinear,weather,96,720,2022,0.353460,0.392333,0.652938,139680,276480,3.7195,86.1,5,L96
dlinear,weather,96,720,2023,0.344853,0.380756,0.658418,139680,276480,3.6734,86.1,8,L96
rlinear,weather,96,720,2021,0.364198,0.352930,0.761570,69842,138240,4.0690,86.4,10,L96
rlinear,weather,96,720,2022,0.363562,0.352862,0.761168,69842,138240,4.9459,86.4,6,L96
rlinear,weather,96,720,2023,0.364308,0.352958,0.761876,69842,138240,5.1505,86.4,10,L96
fits,weather,96,720,2021,0.366119,0.354970,0.770886,2652,9792,4.6887,88.5,20,L96
fits,weather,96,720,2022,0.366140,0.355006,0.770742,2652,9792,4.6224,88.5,19,L96
fits,weather,96,720,2023,0.366166,0.355021,0.770816,2652,9792,4.6722,88.5,20,L96
freqlite,weather,96,720,2021,0.364993,0.353525,0.761188,141845,289123,7.8454,99.7,4,L96
freqlite,weather,96,720,2022,0.363713,0.352871,0.761285,141845,289123,12.5612,99.7,7,L96
freqlite,weather,96,720,2023,0.364313,0.352939,0.761240,141845,289123,13.2539,99.7,7,L96
patchtst,weather,96,720,2021,0.353704,0.348344,0.719287,622482,0,23.2713,184.1,9,L96
patchtst,weather,96,720,2022,0.355937,0.349967,0.725626,622482,0,23.4991,184.1,10,L96
patchtst,weather,96,720,2023,0.355321,0.348522,0.722289,622482,0,18.7588,184.1,7,L96
